Округ,Название,Адрес,Имя контакта,Фамилия контакта,Телефон контакта,Почта контакта


нет округа,DA Ремонт бамперов,"",,,,

нет округа,DA Сервис,"",,,,
ЮЗАО,EVC Group,"Москва, Михайловский пр-д, 1, стр.1","","",+7(495)778-66-44,info@evc.group
ЮАО,ААА Авторусь,"Бутово, Чечерский проезд, дом 1","","","",podolsk_kuzov@avtoruss.ru

ЮАО,ААА Авторусь (Севастопольский),"Проспект Севастопольский, 56А",,,,
ЮВАО,ААА Независимость Премьер Авто (Котельники),"МО, г. Котельники, Коммерческий пр.-д, 10.","","","",alexey.murzin@bmw-indep.ru
ЮВАО,ААА Независимость Премьер Авто (Котельники),"МО, г. Котельники, Коммерческий пр.-д, 10.","","","",nezavisimost_bmw@mail.ru

ВАО,ААА Независимость Премьер Авто (Энтузиастов),"Ш. Энтузиастов, 27а",,,,
СВАО,ААА Независимость Премьер Авто (Ярославка),"Ярославское ш., 27 (выдача с 13:00 до 16:00) +7(495)795-00-99 доб. 5550, 5547.","","","",sergey.shvedov@indep.ru
СВАО,ААА Независимость Премьер Авто (Ярославка),"Ярославское ш., 27 (выдача с 13:00 до 16:00) +7(495)795-00-99 доб. 5550, 5547.","","","",nezavisimost_yaroslavka@mail.ru
ЗАО,Аарон Авто,Рябиновая 14. (пн. - вых.),"","",+7(495)150-65-97,carbody@aaron-auto.ru
ЮАО,АВАЛОН (МО),"МО, г.Домодедово, ГПЗ Константиново, Объездой проезд, стр.3","","",8(926)352-58-86,info@avalon-motors.ru
СВАО,АВАЛЮКС Центр,"Красная сосна, 5, 601-90-90","","","",bodyshop@avalux.ru
ЮВАО,Авангард Моторс,"109145, г. Москва пос. Быков жуковское шоссе д 1",Алексей,Тищенко,+7(499)70-70-977 доб. 214,kuzov@avangard-motors.com

ЮВАО,Авангард Моторс Институтский,пос. быково Жуковское шоссе д 1,,,,
САО,Аванта (Зеленоград),Зеленоград,,,,kuz_zel@la-cars.ru

САО,Аванта_ЗК,"Солнечногорский р-н, р.п. Ржавки, мкр-н №2, стр. 13/2",,,,
ЮВАО,Авантайм,"Волгоградский пр-т, д. 42, корп. 5 (ВТ 9:00-16:00)","","",+7(495)116-86-28 доб 6122,tseh@avantime.ru

ЮЗАО,Авантайм (Дмитрия Ульянова),ул. Дмитрия Ульянова 7б,,,,
ЮЗАО,Аванта-КШО (Василисы Кож. / Очаково),Очаковское ш. д2а стр.1,,,,a.kotikov@avanta-cars.ru
ЮЗАО,Аванта-КШО (Василисы Кож. / Очаково),Очаковское ш. д2а стр.1,,,,i.kleymenov@avanta-cars.ru
ЮЗАО,Аванта-КШО (Василисы Кож. / Очаково),Очаковское ш. д2а стр.1,,,,master@avanta-auto.ru
ЮЗАО,Аванта - КШО Очаково,Очаковское шоссе дом 2 стр 1,,,,s.parfenov@hyundai-avanta-zapad.ru
ЮЗАО,Аванта - КШО Очаково,Очаковское шоссе дом 2 стр 1,,,,s.konovalcev@hyundai-avanta-zapad.ru
ЮЗАО,Аванта - КШО Очаково,Очаковское шоссе дом 2 стр 1,,,,body@hyundai-avanta-zapad.ru

ЗАО,Аванта Марксистская,Марксистская 34. корп 7,,,,

ЮВАО,Аванта Центр,"Марксистская 34, стр 6",,,,
Авилон,Авилон АГ,Ул. Дубининская 69,Сергей,"",+7 (926) 026-00-01,""

ВАО,Авиньон Восток (104 МКАД),104 МКАД внешняя сторона,,,,
САО,Авиньон Восток (78 МКАД),78км МКАД (Авиньон),,,,kuzov.vostok@avignon-auto.ru

СВАО,АВИТУС АВТО (Авто-Алеа),"Нововладыкинский пр-д, Д. 2",,,,
ЮАО,Аврора (МО),"МО, 142204, г.Серпухов, Московское ш., д.72","","",+7(495)902-75-75,""
ЗАО,Авто-Авангард Сервис (44-),"Михалково д, п/о ""Архангельское""; а/д Балтия; 25 км","","","",concord@major-toyota.ru
ЗАО,Авто-Авангард Сервис (44-),"Михалково д, п/о ""Архангельское""; а/д Балтия; 25 км","","","",rybakov_a@major-auto.ru
ЗАО,Авто-Авангард Сервис (44-),"Михалково д, п/о ""Архангельское""; а/д Балтия; 25 км","","",8(926)036-0397,Dmitru.Borets@major-toyota.ru
СВАО,Авто-Алеа (Авитус Авто),"Нововладыкинский пр-д, Д. 2","","","",kuzov@alea.ru

САО,Авто-Вояж ФК,3-й Нижнелихоборовский д1,,,,
ВАО,АвтоГанза,"Ш. Энтузиастов, 27а",,,,nezavisimost_avtoganza@mail.ru
ЮАО,"АвтоГермес Варшавка (w10400, ВРДС00) (Дельта-Сервис)","Варшавское шоссе, дом, 125 стр. 19","","","",Burceva.Galina@avtogermes.ru

САО,"АвтоГермес Дмитровка (w91100, ДМИА00) (Не выбирать)","Москва, Дмитровское шоссе, д. 157",,,,
ЗАО,"Авто Гермес Запад (Рябиновая, РВ…)","г Москва, Рябиновая ул, 43Б, после 12:00","","",8-909-160-81-80,borisenko.sergey@avtogermes.ru

САО,АвтоГермес Зеленоград (Не выбирать),"Зеленоград, Фирсановское шоссе (бывший центр автоваза)",,,,

СВАО,АвтоГермес Красная сосна (Не выбирать),ул Красная сосна дом 3 стр 1,,,,
Марченко,АВТО-ДЕП,"Москва, ул. Римского-Корсакова, 15а1","","",89015100000,""
Марченко,АВТО-ДЕП,"Москва, ул. Римского-Корсакова, 15а1",Михаил,"",8(926)247-39-79,""
Марченко,АВТО-ДЕП,"Москва, ул. Римского-Корсакова, 15а1",Михаил,"",8(926)247-39-79,""

САО,Автодин,"МО, Солнечногорский р-н, поселок Ржавки, мкрн №2, стр.14",,,,
САО,Автодоктор Трэйд,Сигнальный проезд д. 20,"","",+7(915)100-04-60,avtodoktd@mail.ru
АСЦ,АВТОДОМ,"город Долгопрудный, Транспортный проезд, дом 11","","","",soglasovanie.zorge@bmw-avtodom.ru
АСЦ,АВТОДОМ,"город Долгопрудный, Транспортный проезд, дом 11",Виктор Лойко,"",8(915)059-27-67,Viktor.Loyko@bmw-avtodom.ru
АСЦ,АВТОДОМ,"город Долгопрудный, Транспортный проезд, дом 11","","",8(968)485-55-57,Vydacha.asc@gmail.com
АСЦ,АВТОДОМ Вернадского,"Проспект Вернадского 97 стр 2,","","","",alexey.levashov@bmw-avtodom.ru
АСЦ,АВТОДОМ (ВНУКОВО),"г. Москва, пос. Московский, 24км Киевское шоссе, в р-не дер. Картмазово, здание №2","","",74955005000,vydacha.asc@gmail.com
АСЦ,АВТОДОМ (ВНУКОВО),"г. Москва, пос. Московский, 24км Киевское шоссе, в р-не дер. Картмазово, здание №2",Иван,"",+7(985)783-89-08,""
ЗАО,АВТОДОМ Лакшери,"Москва, 60 км МКАД, 4А (внутренняя сторона)","","",7 (495) 500-50-01,""
ЗАО,АВТОДОМ (МКАД),51 км МКАД (ср.  выходной),Виктор,Коротин,+7(903)710-45-75,soglasovanie.mkad@bmw-avtodom.ru
ЗАО,АВТОДОМ (МКАД),51 км МКАД (ср.  выходной),Вика,"","",""
ЗАО,АВТОДОМ (Шмит),"Шмитовский проезд, 24А","","",7(495)500-50-00,""
Марченко,АвтоИмпексъ,"ул.Олений Вал, д.7, стр.10","","",+79267763969,""
ЮЗАО,Автокайзер,"Мичуринский пр-т, Олимпийская деревня вл. 22А.","","",+7(495)783-04-08,""
ЮЗАО,Автокайзер,"Мичуринский пр-т, Олимпийская деревня вл. 22А.","","",+7(977)339-15-36,""
ЮЗАО,Автокайзер,"Мичуринский пр-т, Олимпийская деревня вл. 22А.","","",+7(926)912-53-39,""
ЮАО,Автокайзер (Дубининская),"Г. Москва, Дубининская, 70. ","","",+7 (903) 728-83-34,""
ЗАО,Автокайзер (Максимова),"ул. Максимова, д. 5","","",+7(495)225-16-01,""
ЮЗАО,Автокайзер (Новаторов),"Новаторов, д.10 (Строение напротив д.10, -2 этаж)","","",+7(499)550-32-75,""
СВАО,Автокайзер (Ярославка),"ш. Ярославское, д.1 (Звонить перед приездом)",Павел,"",+7(903)112-84-44,""

ЮЗАО,Автокапитал Сервис,академика,,,,

ВАО,Автокинг,Кусковская 20а,,,,
ЮЗАО,АвтоКом (АвтоСпецЦентр Шкода) (Обручева),"г. Москва, ул. Обручева д. 23 стр. 1",,,,asc.obrucheva@gmail.com

ЮВАО,АВТОКОМТРАНС,Иловайская 2 б,,,,

ЮАО,Авто Купер,"32 км МКАД, владение 15",,,,
ВАО,Автолайт-Север,ул. Прокатная д.7,"","",8-903-129-54-03,achin.y@autolight.ru

ЮАО,Авто-Лайф Азия,ул. Кантемировская д.59а,,,,
ЮАО,Автолегион МР,"Москва, ул. Садовники, д.11А","","",7 (495) 728-88-81,""
САО,Автологистика-Транс (МО),"МО, Солнечногорский р-н, д. Пикино, Транспортная ул., уч.1, стр.1","","",+7(926)296-69-86,kuzov.priemka@autologistics.ru
ЮВАО,Автомастер,"ул. Привольная, д.2, корп.5","","",+7(495)762-8151,""
ЮВАО,Автомастер,"ул. Привольная, д.2, корп.5","","",+7(977) 326-18-19,""
ЮВАО,Автомастер,"ул. Привольная, д.2, корп.5","","",+7(977)326-18-19,""
САО,Автомастер-14,Клязьминская 11к4 (ПН-ЧТ),Константин,"",8(903)-711-31-75,""
ЮВАО,Автомастер (Котельнический пр-д),"Люберцы, Котельнический пр-д 23а",Владислав,"",+7(925)396-78-93,""
ЮВАО,АвтоМАШ-МБ,"Новорязанское ш., вл. 11 (ВТ-СБ)",Олег,Лисицын,+7(495)641-33-99 доб. 583,oleg.lisicin@automash-mb.ru
ЮВАО,АвтоМАШ-МБ,"Новорязанское ш., вл. 11 (ВТ-СБ)","","","",egor.murzin@automash-mb.ru
ЮВАО,АвтоМАШ-МБ,"Новорязанское ш., вл. 11 (ВТ-СБ)","","","",nokr@automash-mb.ru

СОГАЗ не выдают,Автомир Богемия,Дмитровское ш. 98 стр 1,,,,
СОГАЗ не выдают,Автомир Богемия - Балашиха (МО),"МО, г.Балашиха, Западная промзона, вл.1А","","",74952235511,""

СОГАЗ не выдают,Автомир Премьер,Озерная 44а [Согаз не выдают по договору],,,,
СОГАЗ не выдают,Автомир-Трейд,Дмитровское ш. 98 стр 1,"","","",shabalceva.t.ya@avtomir.ru
СОГАЗ не выдают,Автомир ФВ,"МО, г. Химки, Ленинградское ш., вл.18","","",74952313131,""
СВАО,Автономия,МКАД 104,"","",+7(926)903-42-46,FK104.KUZOV@FKMOTORS.RU
ЮАО,АвтоОРЕХОВО,"ул. Ясеневая, д.30Г","","","",master@autoadmiral.ru
СЗАО,Автопорт,"Пятницкое ш., 6-й км.","","","",Evgeniy.Volkovitskiy@bmw-avtoport.ru
СЗАО,Автопорт,"Пятницкое ш., 6-й км.","","",8(963)968-68-88,Vadim.Dobrynin@bmw-avtoport.ru
СЗАО,Автопорт,"Пятницкое ш., 6-й км.",Павел,"",8(495)787-88-88 доб 5452,info@bmw-avtoport.ru
ЮЗАО,Автопремьер,"Калужское ш.,п.Газопровод,2 км от МКАД","","",доб. 264 259,kuzov@avtopremier.net
ЮЗАО,Автопремьер,"Калужское ш.,п.Газопровод,2 км от МКАД",Андрей,"",+7(910)440-17-51,""

ЮАО,Авто Престиж,32 км МКАД влад 15,,,,

САО,Авто-Престус,"Москва, Беломорская ул., 40",,,,
ЮАО,АВТОПРОМЦЕНТР,"пр-т Андропова, д.22. СфЗ (ежедневно с 9 до 20)",,,,kuzov@avtoimport.ru
ВАО,Автопрофи,Гаражная 4 (пн-пт 13-16),"","","",gdb1044@bk.ru
ВАО,Автопрофи,Гаражная 4 (пн-пт 13-16),Андрей Борисович,"","",kasko@mailea.ru
ВАО,Автопрофи,Гаражная 4 (пн-пт 13-16),"","","",kuzov@mailea.ru
САО,АвтоПрофитГрупп,"пос.Нагорное, Центральная вл.2","","",+8(495)136-7437,""
Марченко,Авто-Реаниматор (МО),"МО, Люберцы, Котельнический пр-д, д.14","","",+7(495)554-31-16,""
ВАО,АвтоРемЦентр (Балашиха ВН…),"МО, г. Балашиха, ш. Энтузиастов, 12А (3 км от МКАД)",Константин,Актуально на 29.04,+7(909)918-32-08,taranuhin.konstantin@avtogermes.ru
ВАО,АвтоРемЦентр (Балашиха ВН…),"МО, г. Балашиха, ш. Энтузиастов, 12А (3 км от МКАД)",Анатолий,"","",""

ЗАО,"АвтоРемЦентр Галс-Сервис (Рябиновая, РВ...)","г Москва, Рябиновая ул, 43Б, после 12:00",,,,

ЮАО,АвтоРемЦентр(Дмитровка),"Москва, Варшавское ш. 170г, ворота № 17",,,,
СВАО,"АвтоРемЦентр (Красная сосна, СВ…)","Ул. Красной Сосны д.5 (ВТ или ЧТ, 9-17)","","",+7(926)480-95-85,Aleksandra.Kovaleva@avtogermes.ru
СВАО,"АвтоРемЦентр (Красная сосна, СВ…)","Ул. Красной Сосны д.5 (ВТ или ЧТ, 9-17)","","","",sev.tc.sklad@avtogermes.ru
СВАО,"АвтоРемЦентр (Красная сосна, СВ…)","Ул. Красной Сосны д.5 (ВТ или ЧТ, 9-17)","","","",Kuzemkina.Marina@avtogermes.ru
СВАО,"АвтоРемЦентр (Красная сосна, СВ…)","Ул. Красной Сосны д.5 (ВТ или ЧТ, 9-17)","","","",Komarova.Mariya@avtogermes.ru

ЮАО,"АвтоРемЦентр (Красная сосна, СВ…) (М-Финанс)","Москва, Варшавское ш. 170г, ворота № 17",,,,
ВАО,АвтоРемЦентр (Шэнли Моторс Восток ШМВ…),"г.МОСКВА, ш. Энтузиастов 12А",,,,kuzov@shenli.ru

САО,Авторитет,Дубнинская 83.,,,,
ЮАО,Авторусь-Сервис,"Бутово, Чечерский проезд",Дмитрий,"",+7(495)717-82-82 доб. 1536,o.olkov@rusavt.ru
ЮАО,Авторусь-Сервис,"Бутово, Чечерский проезд",Олег,"",+7(916)924-95-34,""
ЮЗАО,Автосалон Автогранд,"Профсоюзная, 160, 727-40-27",,,,bukindv@nissan-avtogrand.ru
СВАО,АвтосервисАйДжи Эй,Кронштадский б-р 37г стр.1,,,,igarenins@yandex.ru
ЮВАО,АВТО-СПЕКТР,"Москва, МКАД 15КМ внешняя сторона","","",+7(495)225-23-53,kuzov@kap.avto-start.ru
АСЦ,АвтоСпецЦентр Ауди (М-Финанс),Сигнальный проезд 16,"","","",vydacha.asc@gmail.com
ЮВАО,АвтоСпецЦентр Ауди (Эльбрус),"Михайловский проезд, д. 3, стр. 25 (Ауди Центр Таганка)",Звонить перед приездом,"",8(977)998-86-84,asc.audi.taganka@gmail.com

ВАО,АвтоСпецЦентр Дубровка,"2-я ул. Машиностроения , д. 6",,,,
АСЦ,АвтоСпецЦентрСпорт (М-Финанс),Сигнальный проезд 16,"","","",vydacha.asc@gmail.com
ЮВАО,АвтоСпецЦентрСпорт (Эльбрус),"Михайловский проезд, д. 3, стр. 26 (Порше Центр Таганка)","","","",asc.audi.taganka@gmail.com
СВАО,АВТОСТОП,"Москва, пр-д. Добролюбова, д.3, стр.2","","",+7(495)618-02-14,""
СВАО,Авто-Сфера М,пр. Нижнелихоборский 3й д.1А,,,,mleontev@autoexpres.ru
ЮАО,Автотемп,"ПЕРЕУЛОК ХОЛОДИЛЬНЫЙ, ДОМ 6 (Кузовной цех - Академика ВОлгина 6А стр3)","","",доб. 707,kuzov@avtotemp.ru
ЮАО,АвтоТехГалант,"ул. Автозаводская дом 20, стр. 9","","",+7(926)334-22-14,srv@avtotehgalant.ru
ЮВАО,Автотехком Сервис,"ул.Стахановская, д.24/32А [ !!! З/Ч не выдают, не ездим !!! ]","","",+79857652377,""
ЮВАО,Автотехком Сервис,"ул.Стахановская, д.24/32А [ !!! З/Ч не выдают, не ездим !!! ]","","",+79255176088,""
ЮВАО,Автотехком Сервис,"ул.Стахановская, д.24/32А [ !!! З/Ч не выдают, не ездим !!! ]","","",+79166717361,""

ЮАО,"Автотехцентр ""Варшавка""","Пересечение МКАД и Варшавского ш, 33 км МКАД внешн сторона.",,,,
ЮАО,Автотехцентр Максимум,Кантемировская 59а,"","",74957858135,dim@auto-life.ru
ЮАО,Автотехцентр Финист ЮГ,"г.Москва, 1-й Нагатинский пр-д., дом. 15","","",+7(495)626-26-26,""
ЮАО,Авто Трейд-АГ (МГК Сервис),Нагатинская 16 (вт-сб),"","",+7(495)995-12-20 доб.314,kuzov.z@autotrade-ag.ru
САО,АВТОТРЕЙД (ГОСТИНИЧНЫЙ),"Г.Москва, проезд Гостиничный, д.10А, стр.1","","",+7(495)956-4444,""
СВАО,Автофинанс,"Москва, пр-д. Добролюбова, д.3, стр.7","","",84993220747,""

ЮАО,Авто Форпост,"УЛИЦА ЛЕНИНСКАЯ СЛОБОДА, ДОМ 28",,,,
САО,Автофорум (Мэйджор) 5зн,"Москва, Ленинградское ш. 23 (г. Химки)","","","",elivanov.a@autoforum.ru
САО,Автофорум (Мэйджор) 5зн,"Москва, Ленинградское ш. 23 (г. Химки)","","",8-495-185-98-83 доб. 55576,sogl@autoforum.ru
САО,Автофорум (Мэйджор) 5зн,"Москва, Ленинградское ш. 23 (г. Химки)","","","",soglmbh@autoforum.ru

ВАО,Автофорум Ногинск,"г.Ногинск 52км МКАД, Автофорум Богородск",,,,
СВАО,Автофорум Сервис 6зн,"г.Мытищи ул.Красноармейская вл.39, стр.1 (ПН-ПТ)","","","",sogl@autoforum.ru
СВАО,Автофорум Сервис 6зн,"г.Мытищи ул.Красноармейская вл.39, стр.1 (ПН-ПТ)","","","",kuzovmb@autoforum.ru
СВАО,Автофорум Сервис 6зн,"г.Мытищи ул.Красноармейская вл.39, стр.1 (ПН-ПТ)",Сергей,Кошелев,+7 495 730 11 11 (ext.: 8160),koshelev@autoforum.ru
АСЦ,АвтоцентрАСЦ (АвтоСпецЦентр Шкода),Сибирский проезд д.2 стр.43,"","","",Alexandr.Judkin@autoskd.ru
АСЦ,АвтоцентрАСЦ (АвтоСпецЦентр Шкода),Сибирский проезд д.2 стр.43,"","","",vydacha.asc@gmail.com

ЮВАО,Автоцентр Вист-Моторс,"Волгоградский пр., дом 32",,,,

ЮВАО,Автоцентр Инфопром,"Шоссейный проезд, дом 10, корп 1",,,,

ЮВАО,Автоцентр Люблино-К,"Ставропольская 41, стр 4.",,,,
ЮАО,Автоцентр Нагатино (М88),"ул. Садовники, дом 11а","","",8-909-646-02-43,Office@settle88.ru
ЮАО,Автоцентр Нагатино (М88),"ул. Садовники, дом 11а","","","",Kruglov.A@settle88.ru
ЮАО,Автоцентр Нагатино (М88),"ул. Садовники, дом 11а","","","",trefilov.d@autong.ru
ЮВАО,Автоцентр на Таганке,"Ставропольская 41, стр 1. (без назначения не приезжать)","","","",def@auto-center.ru
ЮЗАО,Автоцентр Обручева (М88),ул. Обручева 21 стр 4 ,"","",+7(985)210-30-32,Kruglov.A@settle88.ru
ЮЗАО,Автоцентр Обручева (М88),ул. Обручева 21 стр 4 ,"","",+7(909)646-02-43,Office@settle88.ru
ЮЗАО,Автоцентр Обручева (М88),ул. Обручева 21 стр 4 ,"","",8 985 210 30 32,trefilov.d@autong.ru
ЮЗАО,Автоцентр Обручева (М88),ул. Обручева 21 стр 4 ,"","",+7(985)210-30-32,control@settle88.ru
ЮАО,Автоцентр Сити (22 км МКАД),"22 км МКАД, Развилка, вл 3",Константин,"","8495 660 0400, доб 2275",v-parts.delivery@autocentercity.ru
ЮАО,Автоцентр Сити-Каширка Сервис,"Ленинский р-н пос. Развилка 23 км МКАД влад 3 (12:00-18:00, ПН - выходной)",Михаил,"","",kbulanov@autocentercity.ru
ЮАО,Автоцентр Сити-Каширка Сервис,"Ленинский р-н пос. Развилка 23 км МКАД влад 3 (12:00-18:00, ПН - выходной)","","",+7 977 531 20 23,yurii.talalaev@autocentercity.ru
ЮАО,Автоцентр Сити-Каширка Сервис,"Ленинский р-н пос. Развилка 23 км МКАД влад 3 (12:00-18:00, ПН - выходной)","","","",larisa.ragulina@autocentercity.ru
СЗАО,Автоцентр Сити КР,"Антонова-Овсеенко д15, стр 1","","","",kuzov@autocentercuty.ru
СЗАО,Автоцентр Сити КР,"Антонова-Овсеенко д15, стр 1","","","",Kbulanov@autocentrcity.ru
ЮАО,Автоцентр Сити-Сервис КР,"МКАД, 22 км","","","",kuzovkashirka@autocentercity.ru
ЮАО,Автоцентр Сити-Сервис КР,"МКАД, 22 км","","","",instrument@autocentercity.ru
ЮАО,Автоцентр Сити-Сервис КР,"МКАД, 22 км","","","",v-parts.delivery@autocentercity.ru
СВАО,Автоцентр Фрязино (М88),"г. Фрязино. Окружной проезд, напротив дома 4",Денис,"",8-916-613-613-8,""
СВАО,Автоцентр Фрязино (М88),"г. Фрязино. Окружной проезд, напротив дома 4","","","",bushuev.a@settle88.ru
СВАО,Автоцентр Фрязино (М88),"г. Фрязино. Окружной проезд, напротив дома 4","","",8-916-995-59-65,""
АСЦ,Автоштадт,Сигнальный проезд 16 стр. 16,"","","",asc.vnukovo@gmail.com
АСЦ,Автоштадт,Сигнальный проезд 16 стр. 16,"","","",vydacha.asc@gmail.com
СВАО,Авто (Эльва Моторс МКЦ),Поморская 3,"","","",expert@alva.ru
СВАО,Авто (Эльва Моторс МКЦ),Поморская 3,"","","",kuzov_boss@alva.ru

СВАО,Агалат,"Мытищи, 9 Ленински пер, д. 11 (Выбирать Авилон!)",,,,
ЗАО,АйДжиПи,"ул. Ерамкова Роща, дом 7а, стр. 1.","",Мастер Кузовного,8(925)281-07-31,""
САО,АЙРОН,Лианозовский пр. 14/1 (За час позвонить!),Сергей,Фонин,+7(926)733-83-70,fonin@unitsever.ru
САО,АЙРОН,Лианозовский пр. 14/1 (За час позвонить!),"","",+7(495)980-12-34 доб. 7925,""
СВАО,АКРОС-Сервис,Ак.Королева д.13 ДЦ HYUNDAI АКРОС-Авто,"","","",alexandr.tarasov@hyundai-akros.ru
СВАО,АКРОС-Сервис,Ак.Королева д.13 ДЦ HYUNDAI АКРОС-Авто,"","","",Arkady.smirnov@hyundai-akros.ru
СВАО,АКРОС-Сервис,Ак.Королева д.13 ДЦ HYUNDAI АКРОС-Авто,Андрей,"",8-903-233-97-00,""
СВАО,АКРОС-Сервис,Ак.Королева д.13 ДЦ HYUNDAI АКРОС-Авто,Евгений,"",8-915-107-02-34,""
ЮЗАО,АКРОС-Сервис (47 км МКАД),"МКАД 47 км внешняя сторона, стр.3",Андрей Владимирович,"","",a.efimov@techincom.ru
ЮЗАО,АКРОС-Сервис (47 км МКАД),"МКАД 47 км внешняя сторона, стр.3",Никита,Актуально на 29.04,"",""
ЮЗАО,АКРОС-Сервис (47 км МКАД),"МКАД 47 км внешняя сторона, стр.3","","","",""
САО,АКРОС-Сервис (Химки),г. Химки Ленинградское шоссе владение 16,Сергей,"",8-909-160-8560,""
САО,АКРОС-Сервис (Химки),г. Химки Ленинградское шоссе владение 16,Виктор,"",8-916-113-63-15,""
САО,АКРОС-Сервис (Химки),г. Химки Ленинградское шоссе владение 16,Мастер цеха,"",7 (495) 778-98-50 доб. 3083 ,""
ЮВАО,Акцент - Авто,"Полбина 29 стр 1,",,,,kuzov@hyundai-accentauto.ru
САО,АЛАН-Z,"Москва, Ленинградское 33км дер. Черная Грязь, СТМА!",,,,pikinoauto@gmail.com
Марченко,Алан-Авто (60 лет) (з/н xx-xx),"пр. 60 лет Октября 11а, стр. 14 (ВТ-СБ 10-17 / обед 13:00-13:45)",Игорь,"",925-295-11-57,custom@alan.ru
Марченко,Алан-Авто (60 лет) (з/н xx-xx),"пр. 60 лет Октября 11а, стр. 14 (ВТ-СБ 10-17 / обед 13:00-13:45)","","","",workmaster@alan.ru
СВАО,Алан-Авто (Бот) (з/н 1xxxx-xx),Ботаническая 41А,андрей,"", 89057757149,custom2@alan.ru
ЮАО,Алан-Авто (Щербинка),"Щербинка. Симферопольское шоссе, 16","","",925(794)88-28,""
ЮАО,Алан-Авто (Щербинка),"Щербинка. Симферопольское шоссе, 16","","",925(794)68-28,""
СОГАЗ не выдают,АлексМоторс,Бережковская наб. 20с6,"","",+7-495-950-39-39,info@rs-motors.ru
ЮАО,АльфаМоторс-Юг,ул. Севанская 29,,,,alfamotors@mail.ru

ЮВАО,Альфа-Сервис,иловайская ул 2 б,,,,
Платят,Альфа Флит,"г. Москва, 3-ий Нижнелихоборский проезд, д. 1а","","",495-722-70-08,""
Платят,Альфа Флит,"г. Москва, 3-ий Нижнелихоборский проезд, д. 1а","","",8-963-765-73-97,""
Платят,Альфа Флит,"г. Москва, 3-ий Нижнелихоборский проезд, д. 1а",Михаил,"",8-926-567-12-21,""
ЮЗАО,Альянс,"Д. Толстопальцево, ул. Советская, д.1, стр.1",,,,alians2007@bk.ru
ЮЗАО,АЛЬЯНС ГРУПП,"Ул.Каховка, д.30","","",+7(495)924-7374,""
ЮВАО,Альянстрансатом,"Нагатинская, д. 4А (Заранее звонить)",Андрей,Гриневич,+7(926)521-19-27,""
ЮВАО,Альянстрансатом,"Нагатинская, д. 4А (Заранее звонить)","","",+7(495)645-82-77 доб. 125,a.grinevich@oaoata.ru
ЮАО,АМКапитал(Варшавка ВШ…),"Днепропетровский пр-д 4а, стр 31г","","",4959957727,""
ЮАО,АМКапитал(Варшавка ВШ…),"Днепропетровский пр-д 4а, стр 31г","","",4959957717,""
ВАО,АМКапитал(Иркутская БК2…),ул. Иркутская 5/6 стр 1,"","","",golihin.s.v@avtomir.ru
Платят,АМЛ,"ул. Буракова, д. 27, корп. 28 ","","",+7(910) 411-82-22,""
АСЦ,АМТ Каширка,"Каширское ш., дом 39, корп. 1 ","","",84959679477,vydacha.asc@gmail.com
САО,АМТ Север,"Москва, ул.Клязьминская, д.5","","",84952870895,""
СВАО,АМЭКС АВТО,3-й Нижнелихоборский 1а,"","", +7(903)292-01-38,""
ЗАО,Ангел,"***2-й Силикатный проезд 9,","","","",dk@77prof.ru
ЗАО,Ангел,"***2-й Силикатный проезд 9,","","","",servis@77prof.ru
ЗАО,Ангел,"***2-й Силикатный проезд 9,","","","",prof@77prof.ru
ЗАО,Ангел,"***2-й Силикатный проезд 9,","","","",zamdirektor@77prof.ru
ЗАО,Анна Альбертовна,По согласованию,Анна Альбертовна,"",+7 (926) 321-35-55,""
ЮЗАО,Антайл,"Москва, ул. Академика Варги, д.5, корп.1","","",8-985-711-33-41,""
ЗАО,АОЯМА МОТОРС,"ул.Домостроительная,д.4 (!!!Звонить перед приездом!!!)",Татьяна Олеговна,"",+7(926)277-14-87 ,tsk-kuz777@aoyama.ru
ЗАО,АОЯМА МОТОРС,"ул.Домостроительная,д.4 (!!!Звонить перед приездом!!!)","","",+7(495)363-43-33 доб.356,""
ЮВАО,АОЯМА МОТОРС (Волгоградский пр-т),Волгоградский проспект д 18 стр 1,"","","",penchilova.t@aoyama.ru

ЮАО,А.П.М.,ул б. Юшуньская д7,,,,
ЮВАО,АПМ-ЭКСПЕРТ,"Ул.Мельникова, д.5","","",+74957924232,""
ВАО,АРИС-АВТО,Бирюсинка 7 стр 1,"","",+7(495)115-55-15,""
СВАО,АРМ,"Мытищи, Проектируемый проезд 4529, стр 3. 587-40-20","","","",body@fiatarm.ru
АСЦ,Арсенал Авто,Каширка 45,"","",+7 (495) 664-21-66,kuzov45@mazda-asc.ru
АСЦ,Арсенал Авто,Каширка 45,"","","",vydacha.asc@gmail.com
АСЦ,Арсенал Авто (М-Финанс),Сигнальный проезд 16,"","","",vydacha.asc@gmail.com
ЗАО,Артекс Сервис,"Одинцовский р-н, рп Заречье, Луговая д1, стр 3, (51 км МКАД)",,,,s.radaev@arteks.ru
СЗАО,АСС,"2-я Хуторская, д.38А, стр. 27","","","",avkuzovnoy@mail.ru

САО,АСЦ 2,Химки Ленинградское шоссе вл 16,,,,
САО,АСЦ Ниссан сервис,Ленинградское ш. вл.16,,,,avtospeccentr_himki2@mail.ru
ЮАО,АСЦ Транс Юг,ул.Котляковская дом 3 стр.6,"","","",kuzov@ela.ru
ЮАО,АСЦ Транс Юг,ул.Котляковская дом 3 стр.6,"","","",asc.kotlyakovka@gmail.com
ЗАО,Атера Моторс,"ул. Киевская, д.14, стр.3","","",7(499)2432411,""
САО,Атлант-М Бажова,"Бажова 17 (пн-пт, 10-16)","","",+7(905)758-78-15,okr@atlant-m.ru
САО,Атлант-М Бажова,"Бажова 17 (пн-пт, 10-16)",мастер кузовного цеха,"",+7 495 777 65 05,""
ЮЗАО,Атлант-М Тушино,"Строительный проезд 7а, корп 11 (пн-чт, 10-18)","","","",kuzov@atlant-motors.ru
ЮАО,Ауди центр на Варшавке,"Варшавское шоссе, дом 91А",Алексей,"","",vydacha.asc@gmail.com
АСЦ,Ауди центр на Варшавке (М-Финанс),Сигнальный проезд 16,"","","",vydacha.asc@gmail.com
АСЦ,Ауди центр на Таганке,Сигнальный проезд д41ас1,"","","",vydacha.asc@gmail.com

ВАО,Афтодилер,Сиреневый б-р д 83,,,,
АСЦ,АЦ восток,"ш. Энтузиастов, 12-Б","","",8-977-998-86-84,vydacha.asc@gmail.com
ЗАО,АЦМ,"Ул. Максимова, 5",,,,Nezavisimost_audi@mail.ru
АСЦ,АЦ НА Ленинском,Сигнальный проезд 16,"","","",asc.vnukovo@gmail.com
АСЦ,АЦ НА Ленинском,Сигнальный проезд 16,"","",+7(495)788-08-03 доб.32670,infiniti.body@infiniti-asc.ru
АСЦ,АЦ НА Ленинском,Сигнальный проезд 16,"","","",vydacha.asc@gmail.com
АСЦ,АЦ НА Ленинском (Химки),Сигнальный проезд 16,Кирил,"",8-977-998-86-84,Avtospeccentr_himki2@mail.ru
АСЦ,АЦ НА Ленинском (Химки),Сигнальный проезд 16,"","","",satar_ov@mail.ru
АСЦ,АЦ НА Ленинском (Химки),Сигнальный проезд 16,"","","",vydacha.asc@gmail.com
ВАО,Багги,"Балашиха, микр 1 Мая 14,",,,,vargashkin.a.a@avtomir.ru
ВАО,Багги,"Балашиха, микр 1 Мая 14,",,,,kashkin.a.a@avtomir.ru
СЗАО,Балт Авто Трейд-М,"Рублевское ш., д.64, корп.2 (с 9:00 до 16:00)","","","",soglasovanie@bmw-baltauto.ru
СЗАО,Балт Авто Трейд-М,"Рублевское ш., д.64, корп.2 (с 9:00 до 16:00)","","","",Ilia.Petrushin@bmw-baltauto.ru
СЗАО,Балт Авто Трейд-М,"Рублевское ш., д.64, корп.2 (с 9:00 до 16:00)","","","",Ruslan.Timofeev@bmw-baltauto.ru
СЗАО,Балт Авто Трейд-М,"Рублевское ш., д.64, корп.2 (с 9:00 до 16:00)","",А.Алиев ,8 (495) 777 77 33 (доб.3350),""
СЗАО,Балт Авто Трейд-М,"Рублевское ш., д.64, корп.2 (с 9:00 до 16:00)","",А.Гладунцов    ,8 (495) 777 77 33 (доб.3301),""
ЮАО,Балт Авто Трейд-М (Варшавка),"г.Москва, Варшавское шоссе, д.138",Анастасия,Антонова,+7 926 066-56-15,anastasiya.antonova@bmw-baltauto.ru
ЮАО,Балт Авто Трейд-М (Варшавка),"г.Москва, Варшавское шоссе, д.138",Август,Бендер,+9 916 464-97-99,YYYVarshavka@bmw-baltauto.ru
ЮАО,Балт Авто Трейд-М (Варшавка),"г.Москва, Варшавское шоссе, д.138",А,Шурупа,+7 495 363-96-96 (доб.7510),""

Авилон,БезНазвания,"",,,,
САО,Белорусская Техника,"Солнечногорский р-н, рп Ржавки, 2-й мкр, стр 14. (Автодин Центр Зеленоград)","","","",suslin_m@ford-z.ru
САО,БестКарЦентр,"ул. Новая Ипатовка, д. 23, стр. А","","",+7(495)450-62-22,""
ЮЗАО,Бим Сервис,"Новалужнецкий проезд, д 15",Илья,"",+7(916)876-98-49,sto-kuzov@luzhniki.ru
ЗАО,БИП-Авто,"МО, Одинцовский р-н, пос. Барвиха, д.36А",Павел,Кудин,+7(929)900-91-24,""
ЗАО,БИПАРТ-24,"Москва, ул. Боженко, вл.5","","",+7(916)902-75-55,""
ВАО,Блок Восток,"Москва, Вн. Тер. Г. Муниципальный округ Перово, ул. Плеханова, д.5","","",74993224447,""

ЮАО,БорисХоф 1,29 км МКАД внешняя сторона,,,,
ВАО,БорисХоф - Балашиха,"г.Балашиха, микрорайон ЦОВБ, д.21","","","",andrey.matvienko@bmw-borishof.ru
СЗАО,БорисХоф - Магистральная (РР Москва),2-я Магистральная д 18 стр 1.,"","","",aleksey.zhuravlev@inchcape.ru
СВАО,БорисХоф - Ярословка,Ярославское ш. 36,"","","",pavel.burikin@bmw-borishof.ru

СЗАО,Бош Сервис МАДИ,"Солнечногорский р-н, Ленинградское ш., 34-й км, Полигон МАДИ, стр ДМ",,,,
ЮАО,БРОНЬСЕРВИС,"Нагорный пр-д, д.10, с.12","","",+7(925)600-09-20,""
САО,В88,"Москва, Дмитровское Ш., д.107к1","","",8(495)120-81-38,""
ЮАО,Вадим Владимирович,"","","",8-926-313-82-31,""
ВАО,Вайда,"Балашиха, Западная промзона, ш. Энтузиастов, влад 1а",,,,oleg.bogatyrev@bogemia-skd.ru
ВАО,Вайда,"Балашиха, Западная промзона, ш. Энтузиастов, влад 1а",,,,konstantin.mihalev@bogemia-skd.ru
ВАО,Вайда,"Балашиха, Западная промзона, ш. Энтузиастов, влад 1а",,,,evgeniy.krasov@bogemia-skd.ru
СЗАО,Вайлд Моторс,"Москва, 2-я Хуторская ул., 38А, стр. 27","","",84994902403,""
ЮВАО,Великан-Лб (Люберцы МКЦ),"МО, Люберецкий р-н, п.Томилино, Новорязанского шоссе 23й км, стр.15А","","",+7(499)951-01-01 доб. 5301,sogl@velikan-vw.ru
ЗАО,ВЕЛЛКАР,"Москва, Верейская ул., д.10, корп. 3А","","",+7(499)110-23-10,""
ЮЗАО,Велл Моторс,Севастопольский пр. 95Б,,,,kuzov@wellmotors.ru
ЮАО,Веселова Ольга Геннадиевна,"","","",+79857664008,""
ЮАО,Вита-Авто,Климовск. Большая серпуховская 199б,Денис,"",Денис 926-555-64-79,info@vita-avto.ru
ЮАО,Вита-Авто,Климовск. Большая серпуховская 199б,Валерий,"",Валерий 906-754-61-95,""

ЮАО,Вольво Восток,"Домодедово, мкр Белые столбы, вл склады 104, стр 38.",,,,
СЗАО,Вольво Магистральная,"Москва, ул. 2-я Магистральная, д.18, стр.22","","",84957851001,""
ВАО,Восток,"Балашихинский р-н, Западная коммунальная зона, ш. Энтузиастов, д.2 корпус.2 (10-17)","","",8-919-96-96-411,sogl@ford-i.ru
ВАО,Восток,"Балашихинский р-н, Западная коммунальная зона, ш. Энтузиастов, д.2 корпус.2 (10-17)","","",8-926-96-96-456,""

ВАО,Восток ТракСервис,Люберцы Новорязанское ш.стр.15,,,,
ЮЗАО,ГАЗПРОМ Автопредприятие,"Ул.Обручева, д.27, к.2 (1-й Дорожный пр. 5к2)",Андрей Захаров,мобильный ,8(900)900-54-09,""
ЮЗАО,ГАЗПРОМ Автопредприятие,"Ул.Обручева, д.27, к.2 (1-й Дорожный пр. 5к2)",Андрей Захаров,городской,+7(495)719-23-71,A.Zakharov@ap.gazprom.ru
ЮЗАО,ГАЗПРОМ Автопредприятие,"Ул.Обручева, д.27, к.2 (1-й Дорожный пр. 5к2)",Игорь,"",+7(967)004-29-39,""
ЮАО,ГАРАНТ+,"Москва, Партийный пер., 1, стр. 21.","","",+7(926)961-14-60,""
ЗАО,ГЕНЕРАЛ АВТО,"Красногорский р-он, с. Дмитровское, Ильинское ш., д. 150.","","",+7(963)750-19-56,general_auto@mail.ru
ЮАО,Гермес,"Москва, ул. Перерва, д.19, стр.2","","",7(985)169-1696,Sts-germes@pk.ru
ЮАО,ГК Авторитэйл,"г. Москва, МКАД 32-й км., стр.3","","",8(800)505-69-10 доб.: 3901,N.Dambiev@autoretail.com
ЮАО,ГК Авторитэйл,"г. Москва, МКАД 32-й км., стр.3","","","",A.SHokin@autoretail.com
ЮАО,ГК Авторитэйл (Кантемировская),"Москва, ул. Кантемировская, д.59А","","", 8(800)505-69-10 доб.: 4026,N.Dambiev@autoretail.com
ЮАО,ГК Авторитэйл (Кантемировская),"Москва, ул. Кантемировская, д.59А",Юрий,"", 8(906)753-30-00,A.SHokin@autoretail.com

САО,Глобэкс,ул. Складочная 22,,,,
Марченко,Горилла Моторс,"Мичуринский пр-т, ул. Олимпийская деревня, д.4, корп.3","","",84954374533,""
Марченко,Горилла Моторс,"Мичуринский пр-т, ул. Олимпийская деревня, д.4, корп.3","","",89175717017,""
ЮВАО,Гранд Авто (Шоссейная),"ул. Шоссейная, д90 с37","","","",grandavto8@gmail.com
ЮЗАО,Гримавто,ул. 6 Лазенки д. 38 стр. 2,"","",тел. 903-241-16-55,shinkarik@mail.ru

СЗАО,Гриффин-Автосервис,"Симонова ул, д.13, корп.2, литер А Телефон:",,,,

ЮЗАО,Дельфит,32 км МКАД влад 15,,,,

ЮЗАО,Дженсер техцентр 1,"Новоясеневский пр-т. д.8,",,,,

СВАО,Дженсер техцентр 10,"ул. Добролюбова д.2Б,",,,,
СВАО,Дженсер техцентр 11,"ул. Добролюбова д.2Б,",,,,i.ulukhanov@genser.ru
ЮВАО,Дженсер техцентр 15,"М.О., г.Люберцы, Новорязанское ш., д.1 :",,,,kuzovu17@genser.ru
ЮВАО,Дженсер техцентр 15,"М.О., г.Люберцы, Новорязанское ш., д.1 :",,,,hyundaiexpert@genser.ru
ЮВАО,Дженсер техцентр 15,"М.О., г.Люберцы, Новорязанское ш., д.1 :",,,,a.putilov@genser.ru
ЮВАО,Дженсер техцентр 15,"М.О., г.Люберцы, Новорязанское ш., д.1 :",,,,g.zapevalov@genser.ru

ЮЗАО,Дженсер техцентр 18,"Новоясеневский пр-т. д.6,",,,,

ЮЗАО,Дженсер техцентр 19,"Новоясеневский пр-т. д.8,",,,,
ЮЗАО,Дженсер техцентр 2,"Новоясеневскнй пр-т. д.8,",,,,d.salimzhanov@genser.ru
ЗАО,Дженсер техцентр 21,"М.О., Одинцовский р-н, 63-км МКАД,",,,,amashkov@genser.ru
ЗАО,Дженсер техцентр 21,"М.О., Одинцовский р-н, 63-км МКАД,",,,,a.glazov@genser.ru
ЗАО,Дженсер техцентр 21,"М.О., Одинцовский р-н, 63-км МКАД,",,,,kurnosov@genser.ru

ЮАО,Дженсер техцентр 26,"ш. Варшавское, дом 150, корп. 1 (по средам)",,,,
ЮАО,Дженсер техцентр 27,"ш. Варшавское, дом 150, корп. 1 (по средам)",,,,ya.ilushkin@genser.ru
ЮАО,Дженсер техцентр 27,"ш. Варшавское, дом 150, корп. 1 (по средам)",,,,s.medvid@genser.ru

ЮЗАО,Дженсер техцентр 5,"119361, Москва , ул. Лобачевского, д. 114,",,,,
ЮЗАО,Дженсер техцентр 6,"119361, Москва , ул. Лобачевского, д. 114,",,,,Avemik@gmail.com
ЮАО,Джи Аш Моторс Юг,"Москва, Днепропетровский проезд, д.7","","",79777141858,""
ВАО,Джи Эс Моторс,"МО, г.Лыткарино, ул. Спортивная, стр.1","","",74957779091,""
ЮВАО,Дикси-Трейд,1й Грайвороновский проезд д1 стр1,"","","",def@auto-center.ru
ЮВАО,Дикси-Трейд,1й Грайвороновский проезд д1 стр1,"","","",ppolozkov@auto-center.ru
Платят,Дисконт Страхование,"Москва, ул. Буракова, д.27, к.40","","",88005554569,""
СВАО,Дистрикт,"***Звезный бульвар, дом 3А, стр 1",,,,frontline.driver1@gmail.com
ВАО,Дом Авто,"ГОРОД МОСКВА, УЛИЦА ПОЧТОВАЯ М., ДОМ 12, СТРОЕНИЕ 4","","",8-495-150-04-05,kuzov@nemdom.ru
ВАО,Дом Авто,"ГОРОД МОСКВА, УЛИЦА ПОЧТОВАЯ М., ДОМ 12, СТРОЕНИЕ 4","","","",kuzov@nemdom-balashiha.ru
ВАО,Дом Авто,"ГОРОД МОСКВА, УЛИЦА ПОЧТОВАЯ М., ДОМ 12, СТРОЕНИЕ 4","","","",sklad2@nemdom-balashiha.ru
ЗАО,Другой сервис,"Сколковское шоссе, дом. 31, стр 7 (ВТ-СБ) (Звонить перед приездом!!!)","","",8(915)365-39-71,""
СВАО,ДЦ Алтуфьево,"г.Мытищи, пос. Нагорное, МКАД 85км (ТПЗ Алтуфьево), вл.5",Александр,"",+7(903)290-33-27,""
СВАО,ДЦ Алтуфьево,"г.Мытищи, пос. Нагорное, МКАД 85км (ТПЗ Алтуфьево), вл.5",Сергеем,Маликовым,+7 (915)409-71-21,sergey.malikov@audi-altufievo.ru
СВАО,ДЦ Алтуфьево,"г.Мытищи, пос. Нагорное, МКАД 85км (ТПЗ Алтуфьево), вл.5",Максим,"",+7 (909)914-13-34,""

нет округа,ДЦ Фольксваген Каширка,,,,,

ЮАО,Евроком-Авто-Трейд,Ул. Обручева 23,,,,
ЗАО,Еврофордсервис,"г.Москва , ул.Верейская, д.29, стр. 1А (Пн-пт 9:00-20:00)","","",7-903-960-78-83,""
СВАО,Единая Сервисная Система,"г.Москва, ул. Сигнальный проезд д 20 стр 3",,,,expert@ess-auto.ru
ВАО,Измайлово-МКЦ,"Реутов, ш. Энтузиастов 2 (пн-чт 9-17, пт 9-16)","","","",soglas@toyota-i.ru
ВАО,Измайлово-Премиум,"Реутов ш.Энтузиастов, 2, 666-20-00",Романов Сергей,"","",romanov_sa@lexus-i.ru
ВАО,Измайлово-Премиум,"Реутов ш.Энтузиастов, 2, 666-20-00",Исаев Николай ,"",89254478997,isaev_nv@lexus-i.ru

СВАО,Иларавто,"Мытищинский р-н, пос. Вешки",,,,
АСЦ,Империал-Авто (Марьинский парк),Сигнальный проезд 16,Александр,"",8-965-762-91-71,vydacha.asc@gmail.com
АСЦ,Империал-Авто (М-Финанс),Сигнальный проезд 16,"","","",vydacha.asc@gmail.com
ЗАО,ИМПУЛЬСАВТО,"Москва, Ермакова Роща, д.7Б, стр.5, помещ I","","",74993224774,""
САО,ИМЯ-Авто,"Автомоторная, д.7, стр.1","","",+7(926)544-75-28,sto-prienko@imya-auto.ru

Марченко,ИП Батищев Александр Владимирович,"Огородный пр-д, дом 1Б",,,,
Марченко,ИП Бегизардова А.Н.,"Выборгская ул., д.20, корп.2","","",74957898474; 74952331555,abegip@mail.ru
ВАО,ИП Безотосный С.М.,"МО, г.Ногинск, ул. 1-й Кардолетный пр-д, дом 5","","",79689155500; 79015382256,""
ЮВАО,ИП Дементьев Д.Ю.,"МО, г. Котельники, Дзержинское ш., 7/2","","",+7(495)665-99-59,""
СВАО,ИП Дремучев А.Ю.,"Москва, Тюменский пр-д, д.5, стр.2","","",+7(925)571-14-34,""
СЗАО,ИП Евсенко А.О.,"Ул. Зорге, д 19 (ПН-ВС. Для выдачи в выходные заранее звонить)",Илья,"",+7(495)120-62-22,""
Марченко,ИП Жидков Сергей Леонидович,"Москва, ул. Краснобогатырская, д.89, с.1","","",+7(495)781-71-86,""
Марченко,ИП Жидков Сергей Леонидович,"Москва, ул. Краснобогатырская, д.89, с.1",Ирина,"",+7(905)888-60-07,""
ВАО,ИП Зобнин Алексей Владимирович,"ул. Газгольдерная, д. 8, стр. 8","","",+7(499)171-27-27,koreana.m@mail.ru
ВАО,ИП Зобнин Алексей Владимирович,"ул. Газгольдерная, д. 8, стр. 8",Валерий,Комаров,+7(499)171-85-38 доб 129,""
ВАО,ИП Зобнин Алексей Владимирович,"ул. Газгольдерная, д. 8, стр. 8",Черников,Сергей,+7(499)171-85-38 доб 119 ,""
ЮВАО,ИП Ильичёва Л.В. (Колер-Авто МО),"МО, г.Коломна, проезд Станкостроителей, д.13","","",+7(496)613-60-13,""
СВАО,ИП Кахраманов,"ул.Краснобогатырская, д.2, стр.19","","",8(495)627-62-37,""
САО,ИП Климов Сергей Александрович,Долгопрудный. Транспортный проезд д3 (ЗВОНИТЬ ПЕРЕД ПРИЕЗДОМ),"","",+7(490)984-74-44,kuzov@dolavto.ru
Платят,ИП Конев Алексей Сергеевич,"Волгоградский пр., дом 32, корп. 11",Сергей,"",+7-968-089-52-42,palinals@mail.ru
ЮВАО,ИП Кореневский С.В.,Газгольдерная д. 8 стр 8,"","","",koreana.m@mail.ru
ВАО,ИП Кравченко В.Ю.,"Москва, ул. Рабочая, д.84, стр.4","","",8(926)843-18-18,s.barinov@tvoyservice.com
ВАО,ИП Кравченко В.Ю.,"Москва, ул. Рабочая, д.84, стр.4","","","",p.kravchenko@tvoyservice.com
ЮВАО,ИП Ларин Александр Иванович,"***Остаповский проезд 10, стр 1",Владислав,"",+7(495)6407070,6407070@mail.ru
СВАО,ИП Мамчиц Василий Леонович,"ПРОЕЗД ОГОРОДНЫЙ, ДОМ 1Б",,,,batishevsss@autorambler.ru
Платят,ИП Маркина Светлана Владимировна,Люблинская 60,"","",8(903)613-44-33,k_pro_m@mail.ru
Платят,ИП Маркина Светлана Владимировна,Люблинская 60,"","",8(903)0000085,""
Платят,ИП Маркина Светлана Владимировна,Люблинская 60,"","",8(903)0000045,""
ЗАО,ИП Папочкин Д.А.,"Москва, Рябиновая, д.55, стр.31","","",74959169161,""
ЮЗАО,ИП Пачкунов И.В.,"Новаторов, д.10","","",+7(499)550-32-75,""
СВАО,ИП Рачеев Соломон Соломонович,"Краснобогатырская, д.2, стр.15","","",7(495)222-70-76,""
СВАО,ИП Рачеев Соломон Соломонович,"Краснобогатырская, д.2, стр.15",Олег,(клиент),8(925)0501737,""

Платят,ИП Саломахина Е.А. (Подольск) (МО),"г. Подольск, ул. Комсомольская д.1.",,,,
Платят,ИП Саломахина Е.А. (Серпухов) (МО),"МО, гор. Серпухов, Северное ш. Д. 4 (спросить мыло)","","",тел. 8-926-049-29-70,""

Платят,ИП Саломахина Е.А. (Чехов) (МО),"г. Чехов, ПСК Сергеево, 17-й ангар.",,,,
ЮЗАО,ИП Селезнёва О.В.,"рп. Большие Вязёмы, Можайское ш,д.2а","","",+7(495)597-9535,""
Марченко,ИП Синяева М.Е. (Авто-Игл),"Москва, ул. Краснобогатырская, д.89, с.1","","",+7(495)781-71-85,""
Марченко,ИП Синяева М.Е. (Авто-Игл),"Москва, ул. Краснобогатырская, д.89, с.1","","",8-901-584-65-74,""
ВАО,ИП Смирнов О.В.,"Ш.Энтузиастов, с.2, Балашиха","","",+79775987545,""
ВАО,ИП Снеткова С.В. (МО),"МО, Реутов, ул. Транспортная, д.1/3","","",+7(495)741-91-47,""
ВАО,ИП Снеткова С.В. (МО),"МО, Реутов, ул. Транспортная, д.1/3","","",+7(903)960-06-33,""
ВАО,ИП Снеткова С.В. (МО),"МО, Реутов, ул. Транспортная, д.1/3","","",+7(926)645-27-72,""
ЮВАО,ИП Сорокин П.М.,"МО, Котельники, Дзержинское ш., 7/2","","",74956559959,""

ЗАО,ИП Соснин Владимир Вячеславович,"Рябинова дом 43, корпус 2",,,,
ЮЗАО,ИП Стародубец Р.А.,"Москва, ул. Лобачевского, д.114","","",8 (967) 152-90-40,""
ЮЗАО,ИП Стародубец Р.А.,"Москва, ул. Лобачевского, д.114","","",89773932383,""
Платят,ИП Тинаев Руслан Борисович,Выборгская 20к2 (Новый адрес!),"","",+7(495)789-8474,tinaev.kuzov@mail.ru

ЮАО,ИП ТрифоновА. П.,Московская обл-ть г. Подольск ул. Тепличная д.9 кв. 15,,,,

Платят,ИП Чекан Е.Л. (Авто Лига),Остаповский проезд дом 9 стр 6,,,,

ВАО,ИП Шабанов А.С.,"Орехово-Зуево, ул. Серова д. 3",,,,
САО,ИП Широков Д.В.,"МКАД 78 км, (ПН-ЧТ, ЗВОНИТЬ ЗА ДЕНЬ)","","",8(495)741-44-77,aleksey.glushkov@avignon-auto.ru
САО,ИП Широков Д.В.,"МКАД 78 км, (ПН-ЧТ, ЗВОНИТЬ ЗА ДЕНЬ)",Сергей,Шитуев,8(916)751-30-26,""
САО,ИП Широков Д.В.,"МКАД 78 км, (ПН-ЧТ, ЗВОНИТЬ ЗА ДЕНЬ)",Сергей,Шитуев,8(916)751-30-26,""
СВАО,ИП Шитов И.А.,"Сельскохозяйственная, д. 30с1","","",+74951379347,""

ЮЗАО,Ирбис 44,"МКАД, 44 км.",,,,
ВАО,Искра-Авто,ул. Смирновская 25,,,,master@iskra-avto.ru
ЮАО,И-Троник,Кировоградская 9к3 ,"","",8(495)517-71-21,""
ЮЗАО,ИТС-ТРАК,"Москва, г.Московский, мкр 1-й, вл.6","","",8(495)215-15-87,""
ЮАО,К2,"1й Дорожный пр-зд, д.1, к2","","","",info@k2-msk.com
ЮВАО,КАМЕОН ТРЕЙД (МО),"МО, г.Люберцы, Котельнический пр-д, д. 23-В","","",74997530285,""
ЮВАО,Каретный мастер,"Москва, Остаповский пр-д, д.10, с.1","","","",karetniymaster@gmail.com
ЮВАО,Каретный мастер,"Москва, Остаповский пр-д, д.10, с.1","","",74956407070,6407070@mail.ru
ЮВАО,Кар Пэинт (МО),"МО, Люберцы, Комсомольский пр-т., д. 3","","",+7(499)394-41-31,""

ЮЗАО,Качественный Сервис,"м. Юго-Западная, Мичуринский проспект, Олимпийская деревня ул. Дом№22А",,,,

СЗАО,КЛС,"г. Москва, 2-я Звенигородская ул, дом 13, строение 42",,,,
СВАО,КОМДОРАВТО,"МО, Мытищи, ТПЗ Алтуфьево, Автомобильный проезд, вл.1, стр.1","","",74957852010,Kuzov@komdoravto.ru
ЗАО,Компакт Сервис Запад,"УЛИЦА БОЖЕНКО, ДОМ 5Г",,,,Ayastan2010@yandex.ru

ЗАО,Компания Автофургон,"Пятницкое шоссе. Тер-я 6 км. Вл 5, стр 1.",,,,

ВАО,Компания-Т,"г. Орехово-Зуево, Малодубенское ш. 28 (!КРОМЕ ЧТ и ВС! Перед приездом звонить!)",,,,
ВАО,Компания-Т (МО),"г. Орехово-Зуево, Малодубенское ш. 28 (!КРОМЕ ЧТ и ВС! Перед приездом звонить!)",Владимир,"",8(915)272-8891,stanislav_companyt@mail.ru

ЮЗАО,Конструктор,"г. Московский, Микрорайон 1, владение 6",,,,

ЗАО,Контакт Центр Kia,Рябинова улица (выдадут после 17 числа),,,,
ЮВАО,"Контакт Центр Рязанка (АвтоГермес KK0000, LC0000, w61700, w42200, РН-)","Рязанский проспект дом 2, стр 27","","","",napravlenie@avtogermes.ru
ЮВАО,"Контакт Центр Рязанка (АвтоГермес KK0000, LC0000, w61700, w42200, РН-)","Рязанский проспект дом 2, стр 27","","","",afanasenkova.alena@avtogermes.ru

нет округа,Корона НеСерега,,,,,
ЮВАО,Корс МКУ (Тула/Коломна 100 км МКАД),"МО 100-км а/д М5 ""Урал"" стр.1Б 8 ул. Василисы Кожиной д.29 (с 10:00, 12:30-13:30 обед)","","",8-495-460-06-84,""
ЮВАО,Корс МКУ (Тула/Коломна 100 км МКАД),"МО 100-км а/д М5 ""Урал"" стр.1Б 8 ул. Василисы Кожиной д.29 (с 10:00, 12:30-13:30 обед)","","",8-926-349-28-99,s.shilov@autoshina.net
ЮВАО,Корс МКУ (Тула/Коломна 100 км МКАД),"МО 100-км а/д М5 ""Урал"" стр.1Б 8 ул. Василисы Кожиной д.29 (с 10:00, 12:30-13:30 обед)","","","",avemik@gmail.com
ВАО,КОСИНСКАЯ,"Москва, Косинская ул. (Б. Косинская)",Виталий,"",8-903-961-83-86,""

ВАО,Красный путь,"г. Москва, Рабочая 84/5",,,,
Марченко,КРАФТ,"ул.Краснобогатырская, д.2, с.15","","",+7(495)720-9931,""
Марченко,КРАФТ,"ул.Краснобогатырская, д.2, с.15","","",+7(915)158-6174 ,""
САО,Кристалл Авто,"ул. Автомоторная, д. 1/3, стр. 1","","",8(916)472-2290,7220626@mail.ru
САО,Кристалл Авто,"ул. Автомоторная, д. 1/3, стр. 1","","",495-796-90-50,""

Платят,Кужелев Андрей Александрович,"",,,,

ЮВАО,Кузовной Альянс,"Остаповский пр-д, д 10 стр 2.",,,,
ЮАО,Кузовок,"Нагатинский 1-й пр-д, д.13","","",8-985-40-40 доб. 103,""
ЗАО,Кунцево Авто Трейдинг,"Одинцовский р-н п.Немчиновка, ул.Московская д.61",Константин,Филатов,+7-903-798-24-16,""
ЗАО,Кунцево Авто Трейдинг,"Одинцовский р-н п.Немчиновка, ул.Московская д.61","","","",""
ЗАО,Кунцево Кузов Авто,Горбунова 14 (до 17:00 / 13:00-14:00 обед),"","","",Ylopatko@kuntsevo.com
ЗАО,Кунцево Кузов Авто,Горбунова 14 (до 17:00 / 13:00-14:00 обед),"","",8(495)9334033 доб. 3784 или 3323,Yuriy.ishin@kuntsevo.com
ЗАО,Кунцево Кузов Авто,Горбунова 14 (до 17:00 / 13:00-14:00 обед),"","","",KolcovAV@kuntsevo.com
ЗАО,Кунцево Кузов Авто,Горбунова 14 (до 17:00 / 13:00-14:00 обед),"","","",kanv@kuntsevo.com
ЗАО,"Кунцево Кузов Авто (Toyota, Lexus, LR, Jaguar)","Горбунова 14 (до 15:00 / 13:00-14:00 обед, звонить перед приездом)","","",8(495)9334033 доб. 3323,Yuriy.ishin@kuntsevo.com
ЗАО,"Кунцево Кузов Авто (Toyota, Lexus, LR, Jaguar)","Горбунова 14 (до 15:00 / 13:00-14:00 обед, звонить перед приездом)",Юра,"",+7(916)731-04-68,""
ЗАО,"Кунцево Кузов Авто (Toyota, Lexus, LR, Jaguar)","Горбунова 14 (до 15:00 / 13:00-14:00 обед, звонить перед приездом)",Виктор,"",+7(903)710-45-75,""

ЗАО,Кунцевское,ул. Генерала Дорохова 28А,,,,
САО,КЦ Шереметьево-Сервис,"МО., г.Химки, Ленинградское Ш., стр.21А","","",+74957800100,kuzov@arts-motors.ru
ЮВАО,КЦ Шереметьево-Сервис (Волгоградка),"Москва, Волгоградский пр-кт, д.32, к.7","","",+7(495)881-00-10,""
ЮЗАО,ЛАКИ КАР - ЭЛЕКТРОДРАЙВ,"Москва, Ленинский проспект, д.31, корп.1, стр.3","","",+7(495)921-10-10,""
САО,Ланда Моторс,Новый адрес: Сигнальный пр-д 18,"","","",landa2006@list.ru
ВАО,Ланда Моторс (Старообряческая),Старообряческая д28а стр1,"","",8(965)104-42-24,""
СВАО,Ланда Моторс (Тюменский),Тюменский проезд дом 5 стр. 2,"","",8-965-104-42-24,""
СОГАЗ не выдают,Легат Крылатская,Крылатская улица 35,"","","",kiryuhin.a.e@avtomir.ru
СОГАЗ не выдают,Легат Крылатская,Крылатская улица 35,"","","",chernov.a.a@avtomir.ru

СВАО,Легат Ярославка,Ярославское шоссе д7,,,,

БК,Лексус Левобережный (Бизнес кар),"Химки, мкр Левобережный, 78-й км МКАД (среда)",,,,

СВАО,Лифан Моторс Рус,"Сельскохозяйственная д 30, стр 1.",,,,
ВАО,ЛУИДОР-Гарант,"Балашиха, ш.Энтузиастов, вл.1а","","",74956600566,Sto35@luidor-msk.ru
ЗАО,ЛУКАВТО (ЛУКОЙЛ-Центрнефтепродукт),"Красногорский рн, дер Михалково, 25 км АМ Балтия (ПТ 9:00-18:00)","","","",Alexander.Mityushkin@lukoil.com
ЗАО,ЛУКАВТО (ЛУКОЙЛ-Центрнефтепродукт),"Красногорский рн, дер Михалково, 25 км АМ Балтия (ПТ 9:00-18:00)","","",доб. 1534 ,kuzov@lukoil.com
ЮВАО,Люберцы-МКЦ,"М/О Люберецкий р-н, пос. Томилино, Новорязанское шоссе, стр 15","","",+7(499)951-01-01 доб. 5301,sogl@velikan-vw.ru

ЮВАО,Люкс-Сервис,Рязанский пр-т д2 стр27,,,,

ЮАО,Мазда Каширка,"Каширское шоссе, 45",,,,
Платят,М-А Корпоратив,"Остаповский проезд дом 9 стр 6, работают с 10 до 20","","","",mercedes_atelye@mail.ru
Платят,Максим Шавкатович,"","","",89637115606.,""
Платят,Максим Шавкатович,"","","",89637115606,""

СВАО,Мастер-Микс,"Дмитровское шоссе 98, стр 1",,,,
ЮЗАО,МБ-Беляево,ул. Академика Волгина д. 6а,"","",+7 495 788 10 10 (int. 707),kuzov@mb-belyaevo.ru
ВАО,МБ-Измайлово,Реутов ш. Энтузиастов д.2,"","",+7 495 66-00000 (вн.6302),tishkin_ks@mb-i.ru
СВАО,МГК-Сервис (МО),"МО, г.Королёв, ул. Советская, д.39","","",74955157475; 74955108665; 79262951031,""

Платят,Мерседес-Ателье Корпоратив,ул. Автозаводская д.20 стр 1,,,,
СВАО,Мерседес-Бенц РУС (Алтуфьево),"Мытищинский р-н. ТПЗ Алтуфьево. Автомобильный проезд. Влад 5, стр 9. (!! По средам, в светлое время суток !!)","","",+7(916)270-61-07,dmitry.bochkarev@daimler.com
СВАО,Мерседес-Бенц РУС (Алтуфьево),"Мытищинский р-н. ТПЗ Алтуфьево. Автомобильный проезд. Влад 5, стр 9. (!! По средам, в светлое время суток !!)","","","",Kuzov@daimler.com
СВАО,Мерседес-Бенц РУС (Алтуфьево),"Мытищинский р-н. ТПЗ Алтуфьево. Автомобильный проезд. Влад 5, стр 9. (!! По средам, в светлое время суток !!)","","","",aleksey.alekseev@daimler.com
СВАО,Мерседес-Бенц РУС (Алтуфьево),"Мытищинский р-н. ТПЗ Алтуфьево. Автомобильный проезд. Влад 5, стр 9. (!! По средам, в светлое время суток !!)","","","",Kuzov@mbrus.ru
СВАО,Мерседес-Бенц РУС (Алтуфьево),"Мытищинский р-н. ТПЗ Алтуфьево. Автомобильный проезд. Влад 5, стр 9. (!! По средам, в светлое время суток !!)","","","",Kuzov@mbrus.ru
САО,Мерседес-Бенц РУС (Ленинградский),Ленинградский пр-т 39 А,Алексей,Козлов, +7 (495) 225 00 00  доб. 60955,sergey.pechenin@daimler.com
ЮЗАО,МеханизМ,Ул. Рябиновая д. 43 к. 2,Николай,"",8(916)683-83-82,mehanizma@bk.ru
ЮЗАО,МеханизМ,Ул. Рябиновая д. 43 к. 2,"","",8(916)3494111,""
ЮЗАО,МеханизМ,Ул. Рябиновая д. 43 к. 2,"","",8(916)349-41-11,""
ЮАО,МКЦ-МКАД 29 км,"СЕЛО БУЛАТНИКОВО, ДОМ 10ю (!!! ПН-ПТ 13:00-17:00 !!!)","","",8(915)070-70-75,inchkeyp_29km_mkad@mail.ru
ЮАО,МКЦ-МКАД 29 км,"СЕЛО БУЛАТНИКОВО, ДОМ 10ю (!!! ПН-ПТ 13:00-17:00 !!!)",Влад,"",8(925)025-92-03,Vladislav.kapranov@borishof.ru
ЮАО,МКЦ-МКАД 29 км,"СЕЛО БУЛАТНИКОВО, ДОМ 10ю (!!! ПН-ПТ 13:00-17:00 !!!)","","",+7(966)001-66-57,aleksandr.markunin@inchcape.ru
ЮАО,МКЦ-МКАД 29 км,"СЕЛО БУЛАТНИКОВО, ДОМ 10ю (!!! ПН-ПТ 13:00-17:00 !!!)","","",+7(903)624-54-64,""
ЮАО,МКЦ-МКАД 29 км,"СЕЛО БУЛАТНИКОВО, ДОМ 10ю (!!! ПН-ПТ 13:00-17:00 !!!)",Дмитрий,Король,+7(495)728-41-11  доб. 48930,dmitriy.korol@borishof.ru
ЮАО,МКЦ-МКАД 29 км,"СЕЛО БУЛАТНИКОВО, ДОМ 10ю (!!! ПН-ПТ 13:00-17:00 !!!)",Александр,Думнов,+7(495)728-41-11  доб. 48931,aleksandr.dumnov@borishof.ru
ЮВАО,МонтажАвто,"ул. Старообрядческая, д. 28, с.1","","",79652474444,6476727@mail.ru
ВАО,Мосрентсервис,"Москва, ул. Краснобогатырская, 89, стр.1",,,,soglasovanie@mosrent.ru
ВАО,Мосрентсервис,"Москва, ул. Краснобогатырская, 89, стр.1",,,,d.kuzmin@mosrent.ru
ВАО,МотоКомпани,"Москва, 1я улица Измайловского зверинца, д.8","","",+7(499)322-27-53,moto-company@mail.ru
ЗАО,М-Пауэр,Максимова д.5 (Центр Ауди),"","",8(903)115-79-98,Napr@sis-motors.ru
ЗАО,М-Пауэр,Максимова д.5 (Центр Ауди),"","",8 (499) 579-92-97,""
ЮАО,МУСА МОТОРС В,МКАД 29км,"","","",inchkeyp_29km_mkad@mail.ru
ЮАО,МУСА МОТОРС В,МКАД 29км,"","","",vladislav.kapranov@inchcape.ru
ЮАО,МУСА МОТОРС В,МКАД 29км,"","","",aleksandr.markunin@inchcape.ru
ЮАО,МУСА МОТОРС (Варшавка),Варшавское ш. 122 А,Сергей,Гладков,доб. 12138,sarkhan.safiev@inchcape.ru
ЮАО,МУСА МОТОРС (Варшавка),Варшавское ш. 122 А,"","","",dmitry.gladky@inchcape.ru
ЮАО,Муса Моторс Джей Эл Эр,Село Булатниково. Д. 10ю,"","","",aleksandr.markunin@inchcape.ru
ЮАО,Муса Моторс Джей Эл Эр,Село Булатниково. Д. 10ю,Михаил,"",+7 929 985 31 33,inchkeyp_29km_mkad@mail.ru
ЮАО,Муса Моторс Джей Эл Эр,Село Булатниково. Д. 10ю,"","","",vladislav.kapranov@inchcape.ru
ЮАО,Муса Моторс Джей Эл Эр,Село Булатниково. Д. 10ю,"","","",Ilya.S.Fedorov@inchcape.ru
ЮАО,Муса Моторс Джей Эл Эр,Село Булатниково. Д. 10ю,"","","",sergey.kashtanov@inchcape.ru
ЮАО,Муса Моторс Джей Эл Эр,Село Булатниково. Д. 10ю,"","","",sergey.kashtanov@inchcape.ru
СЗАО,Муса Моторс Магистральная (не выбирать),2 Магистральная д 18 а стр 3,"","",8(985)753-5436,interavto2011@gmail.com
СЗАО,Муса Моторс Магистральная (не выбирать),2 Магистральная д 18 а стр 3,"","","",pavel.fersman@inchcape.ru
СЗАО,Мэйджор Волоколамка (58-),Волоколамское ш.93 (ПТ-выходной),"","","",kuzov_vlk_osmotr@major-auto.ru
СЗАО,Мэйджор Волоколамка (58-),Волоколамское ш.93 (ПТ-выходной),Денис,Комоликов,"",denis.komolikov@major-auto.ru
ЮВАО,Мэйджор Дзержинка (112-),"Дзержинский г.Алексеевская ул,12",Сергей,"",8-905-551-51-52,kuzov-kpn@major-auto.ru
ЮВАО,Мэйджор Дзержинка (112-),"Дзержинский г.Алексеевская ул,12","","",8-495-185-90-96 доб. 4159,roman.isaev@hyundai-major.ru
ЮВАО,Мэйджор Дзержинка (112-),"Дзержинский г.Алексеевская ул,12",Дмитрий,Борец,"",dmitriy.borets@major-auto.ru
ЗАО,Мэйджор Лыковский (79-),"Ул Маршала Прошлякова, 13 (ПН-ЧТ)","","",(495)739-0303 доб. 0354,tech@major-auto.ru
ЗАО,Мэйджор Лыковский (79-),"Ул Маршала Прошлякова, 13 (ПН-ЧТ)",Денис,Чугунов,"",denis.chugunov@major-auto.ru
ЮЗАО,Мэйджор МКАД 47 км (128-),МКАД 47км,"","","",kuzovmkad@major-auto.ru
ЗАО,Мэйджор Новая Рига (125-),"Новорижское шоссе, 9 км от МКАД","","","",nikulin_i@major-auto.ru
ЗАО,Мэйджор Новая Рига (125-),"Новорижское шоссе, 9 км от МКАД",Владислав,Жадов,+7(495)229-99-88,Vlad.zhadov@major-auto.ru
ЗАО,Мэйджор Новая Рига (сервис) (22-),"Новорижское шоссе, 9 км от МКАД. ","","","",borisov_d@major-auto.ru
ЗАО,Мэйджор Новая Рига (тойота) (36-),"Новорижское шоссе, 9 км от МКАД (пн-ср)","","",8-903-522-21-14,rybakov_a@major-auto.ru
ЗАО,Мэйджор Новая Рига (тойота) (36-),"Новорижское шоссе, 9 км от МКАД (пн-ср)",Владислав,Жадов,"",Vlad.zhadov@major-auto.ru
СВАО,Мэйджор Псковская (17-),"!!! НОВЫй АДРЕС!!! Сигнальный проезд 20, ангар 6","","","",bodydmk@major-auto.ru
СВАО,Мэйджор Псковская (17-),"!!! НОВЫй АДРЕС!!! Сигнальный проезд 20, ангар 6","","","",servisedmk@major-auto.ru
СВАО,Мэйджор Псковская (17-),"!!! НОВЫй АДРЕС!!! Сигнальный проезд 20, ангар 6","","","",bodydmk3@major-auto.ru
СВАО,Мэйджор Псковская (17-),"!!! НОВЫй АДРЕС!!! Сигнальный проезд 20, ангар 6",Константин,Калинин,"",kalinin_kk@major-auto.ru
СВАО,Мэйджор Псковская (17-),"!!! НОВЫй АДРЕС!!! Сигнальный проезд 20, ангар 6","","","",bodydmk2@major-auto.ru
СЗАО,Мэйджор Цветочный (51-),"Цветочный проезд, д.4 По средам.",Роман,Губка,8(916) 986 72 08,gubka_r@major-auto.ru
СЗАО,Мэйджор Цветочный (51-),"Цветочный проезд, д.4 По средам.","","","",sogl_tcv2@major-auto.ru
ЗАО,Независимость-Химки,"Ул. Максимова, 5","","","",nezavisimost_audi@mail.ru
ВАО,Немецкий Дом Балашиха,"МО, Балашиха, ш.Энтузиастов, д.11А","","",74951500405,Komplekt@toyota-i.ru
ВАО,Не Просто Сервис,"МО, г.Балашиха, квартал Западная Промзона, 2А","","","",""
ВАО,Не Просто Сервис,"МО, г.Балашиха, квартал Западная Промзона, 2А",Александр,"",+7(967)280-78-66,""

,нет з/ч,,,,,
ЮАО,НИВЮС (Авто Форпост),ул. Ленинская слобода 28 (звонить перед приездом!),Валерий,"",+7(919)764-21-08,kopatskii@nivus.ru

ВАО,НИДЛ-С,Кетчерская 9,,,,
ЗАО,Ник-Авто,"ул. Барклая, д.6. стр.2. Спросить почту!","","",+7(985)765-22-15,""
СВАО,Ник-Авто (Красная сосна),ул. Красной Сосны д. 14с,"","",+79857652215,nik-avto@inbox.ru
СВАО,Ник-Авто (Красная сосна),ул. Красной Сосны д. 14с,"","",+79857652215,nik-avto@inbox.ru
ЮАО,НИКАМОТОРС Холдинг (Коломенское),"проспект Андропова, д. 10 А","","",8(495)7400110 доб. 2152,apetr@nikamotors.ru
ЮАО,НИКАМОТОРС Холдинг (Коломенское),"проспект Андропова, д. 10 А","","","",mtru@nikamotors.ru
СВАО,НИКАМОТОРС Холдинг (Отрадное),"проспект Андропова, д. 10 А, ул Римского-Корсака, 3, стр1","","",доб. 1128,Avoln@nikamotors.ru

СЗАО,Нико-Авто,"г. Зеленоград, 4801-й проезд д5 (вт-сб)",,,,

САО,Норд-Авто (Автогермес - Зеленоград),"Москва, Варшавское ш. 170г, ворота № 17",,,,

СЗАО,Норд-Авто (Волоколамка),"Москва, Варшавское ш. 170г, ворота № 17",,,,
САО,Норд-Авто (Дмитровка),"Москва, Варшавское ш. 170г, ворота № 17",,,,detali-germes-vidacha@yandex.ru
Марченко,НТ-Групп,"ул. Монтажная, д. 4А стр 2. (Перед приездом позвонить)","","",8(915)431-76-86,nt-partner@bk.ru
Марченко,НТ-Групп,"ул. Монтажная, д. 4А стр 2. (Перед приездом позвонить)","","",8(985)830-88-55,""
ЮЗАО,Обухов Автосервис,"поселение Московский, Киевское шоссе 24 км. Владение 1","","",8(495)775-51-14,obuhov_kuzov@obukhov.ru

СЗАО,Обухов Автосервис (Митино),"Москва, 1-й Митинский пер., 12, корп. 1",,,,
Платят,ООО АвтоР,ул. Ермакова Роща д.7а стр.1,"","",8(495)7750042,avtor.2015@list.ru
ЮЗАО,"ООО ""КарТехник М""","ул. Лобачевского, д.130а !Позвонить перед приездом!","","",+7(495)441-8089,""
ЮЗАО,"ООО ""КарТехник М""","ул. Лобачевского, д.130а !Позвонить перед приездом!","","",+7(916)182-3501,""
ЮЗАО,"ООО ""КарТехник М""","ул. Лобачевского, д.130а !Позвонить перед приездом!",Влад,"",+7(916)182-3501,""
ЮВАО,ООО Ключавто-мку Люберцы,Люберцы. Новорязанское ш. дом 1Г.,Мастера цеха,"",+7(958)642-92-21,mku_lub@keyauto.ru
ЮВАО,ООО Ключавто-мку Люберцы,Люберцы. Новорязанское ш. дом 1Г.,"","","",v.korotkevich@keyauto.ru
ЮВАО,ООО Ключавто-мку Люберцы,Люберцы. Новорязанское ш. дом 1Г.,"","","",a.anatskiy@keyauto.ru
ЮВАО,ООО Ключавто-мку Люберцы,Люберцы. Новорязанское ш. дом 1Г.,"","","",a.mashkov@keyauto.ru
ЮВАО,ООО Ключавто-мку Люберцы,Люберцы. Новорязанское ш. дом 1Г.,"","","",sb_lub@keyauto.ru
ЮВАО,ООО Ключавто-мку Люберцы,Люберцы. Новорязанское ш. дом 1Г.,"","","",a.samohin@keyauto.ru
ЮВАО,ООО Ключавто-мку Люберцы,Люберцы. Новорязанское ш. дом 1Г.,"","","",A.Safonov@keyauto.ru

нет округа,ООО Корона,"",,,,
Марченко,"ООО ""КСО Моторс""","г.Москва, ш. Энтузиастов, д.12А","","",+7(495)532-0615,kuzov@o-sago.ru
Марченко,"ООО ""КСО Моторс""","г.Москва, ш. Энтузиастов, д.12А","","",+7(930)4188581,kuzov@o.sago.ru
Марченко,"ООО ""КСО Моторс""","г.Москва, ш. Энтузиастов, д.12А",Дмитрий,"",+7(977)153-08-03,""
ЗАО,ООО Премьер Авто (МО),"МО, Г.Краснознаменск, ул. Березовая Аллея, д.1/1","","",+7(495)790-790-0,Pavel.Puzyrev@volvom1.ru
ЗАО,ООО Премьер Авто (МО),"МО, Г.Краснознаменск, ул. Березовая Аллея, д.1/1","","","",zapchasti@ingos.ru
ЗАО,ООО Премьер Авто (МО),"МО, Г.Краснознаменск, ул. Березовая Аллея, д.1/1",Павел,"",+7(963)728-44-69,""

нет округа,ООО ЦКР,"",,,,
АСЦ,Оптима-Моторс,"Каширское шоссе, д.45","","","",kuzov45@rapid-avto.ru
АСЦ,Оптима-Моторс,"Каширское шоссе, д.45","","","",asc.audi.taganka@gmail.com
АСЦ,Оптима-Моторс,"Каширское шоссе, д.45","","","",uuu@rapid-avto.ru
АСЦ,Оптима-Моторс,"Каширское шоссе, д.45","","","",vydacha.asc@gmail.com
АСЦ,Оптима-Моторс (М-Финанс),Сигнальный проезд 16,"","","",vydacha.asc@gmail.com
СВАО,Оптимум-Авто Алтуфьевский,Илимская д 1б,"","","",Napr_altufyevo@optimumauto.ru
СВАО,Оптимум-Авто Алтуфьевский,Илимская д 1б,"","","",MFrolov@optimumauto.ru

БК,Оптимум-Авто (Бизнес кар),"Химки, мкр Левобережный, 78-й км МКАД вл.2",,,,

БК,Оптимум-Авто Каширский (Бизнес кар),Ленинский р-н с.п с/х им. Ленина 26 км МКАД вл. 5 стр. 4,,,,

БК,Оптимум-Авто Левобережный (Бизнес кар),"Химки, мкр Левобережный, 78-й км МКАД вл.2",,,,
БК,Оптимум-Авто Лианозовский (Бизнес кар),"г. Москва, Рублевское шоссе д.74. ",Володин Евгений Томович,"","",evolodin@optimumauto.ru
БК,Оптимум-Авто Павелецкий (Бизнес кар),Балаклавский проспект 26,"","",+7-495-221-00-41,AVolchkov@optimumauto.ru
БК,Оптимум-Авто Павелецкий (Бизнес кар),Балаклавский проспект 26,"","","",napr_paveletskaya@optimumauto.ru
БК,Оптимум-Авто Павелецкий (Бизнес кар),Балаклавский проспект 26,"","","",VKartashov@optimumauto.ru
БК,Оптимум-Авто Павелецкий (Бизнес кар),Балаклавский проспект 26,"","","",VERMAKOV@optimumauto.ru
ВАО,Оптимум-Авто Щелковский (з/н YZ***),Щелковское ш. 100 корпус 106,"","","",AAnatskiy@optimumauto.ru
ВАО,Оптимум-Авто Щелковский (з/н YZ***),Щелковское ш. 100 корпус 106,"","","",OVSmirnov@optimumauto.ru
ВАО,Оптимум-Авто Щелковский (з/н YZ***),Щелковское ш. 100 корпус 106,"","","",Alfa-strahovanie@optimumauto.ru
ВАО,Оптимум-Авто Щелковский (з/н YZ***),Щелковское ш. 100 корпус 106,"","","",info@optimumauto.ru
ВАО,Орехово-АвтоЦентр (МО),"г. Орехово-Зуево Комиссариатский тупик  дом 1 (ул. Ленина 100 Кузовной цех ""Орехово-Автоцентр"")",Павел,"",8(916)301-13-31,kuzov@hyundai-orehovo.ru

ЮАО,Офис Абсолют Страхование,Ленинская Слобода 26,,,,
АСЦ,ПАМ,Сигнальный проезд 16 стр. 16,"","",+7 (495) 967-94-77,sogl@kashirka39.ru
АСЦ,ПАМ,Сигнальный проезд 16 стр. 16,"","","",vydacha.asc@gmail.com
АСЦ,ПАМ (М-Финанс),Сигнальный проезд 16,"","","",vydacha.asc@gmail.com
ЗАО,Панавто,"Одинцовский р-н, пос.Заречье, ул.Торговая, д.4, стр.1","","","",smolensky.d@panavto.ru
ЗАО,Панавто,"Одинцовский р-н, пос.Заречье, ул.Торговая, д.4, стр.1","","","",Prokofyev.A@panavto.ru
ЗАО,Панавто,"Одинцовский р-н, пос.Заречье, ул.Торговая, д.4, стр.1","","","",ShaihnurovV@panavto.ru
ЗАО,Панавто,"Одинцовский р-н, пос.Заречье, ул.Торговая, д.4, стр.1","","","",NikishinV@panavto.ru
ЗАО,Панавто,"Одинцовский р-н, пос.Заречье, ул.Торговая, д.4, стр.1","","","",BereznyukI@panavto.ru
ЗАО,Панавто,"Одинцовский р-н, пос.Заречье, ул.Торговая, д.4, стр.1",Гребнев Демид,"",8(495)790-77-77 доб. 1389,Grebnev.D@panavto.ru
ЗАО,Панавто (1-й Магистральный тупик),"1-й Магистральный тупик, вл.9",Алексей,Сорокин,+7 495 790 77 77 доб. 238,""

Платят,Партизан,"",,,,
СВАО,ПеГас-Авто+,"Мытищинский район, 85 км МКАД, владение 3",,,,kuzov@sever-vw.ru
СВАО,ПеГас-Авто+,"Мытищинский район, 85 км МКАД, владение 3",,,,roman.gladkov@sever-vw.ru
СВАО,ПеГас-Моторс+,МО Мытищенский р-н 85 км.МКАД влад.3 стр.1,,,,kuzovnoy@fordsever.ru
САО,Пеликан Авто,"Дмитровское шоссе, 107-д","","",+7(965)228-10-50,o.kirilin@pelican.ru
САО,Пеликан Авто,"Дмитровское шоссе, 107-д",Виталий,"","",pelikan.dmitrovka@mail.ru
САО,Пеликан Авто,"Дмитровское шоссе, 107-д",Дмитрий,"",+7(903)629-59-35,""
СВАО,Пеликан-Праймари,"МО, Мытищинский р-н, Алтуфьевское ш. автодорога, 1 й км, владение 2А, стр.1",,,,Pelikan.dmitrovka@mail.ru
ЮВАО,Петровский,"МО, г. Джержинский, ул. Энергетиков, д.28 (16 км МКАД) (Белая дача).",Андрей,Исовин,84956400111 доб 5239,ppp9@petrovskiy.ru
ЮВАО,Петровский,"МО, г. Джержинский, ул. Энергетиков, д.28 (16 км МКАД) (Белая дача).","","","",maznaya.ekaterina@petrovskiy.ru
ЮВАО,Петровский,"МО, г. Джержинский, ул. Энергетиков, д.28 (16 км МКАД) (Белая дача).","","","",ttt10@petrovskiy.ru
ЮВАО,Петровский,"МО, г. Джержинский, ул. Энергетиков, д.28 (16 км МКАД) (Белая дача).","","","",ZAPBD@petrovskiy.ru
ЮВАО,Петровский,"МО, г. Джержинский, ул. Энергетиков, д.28 (16 км МКАД) (Белая дача).","","","",anisimov.sergey@petrovskiy.ru

СВАО,Петровский (Мытищи),Г. МЫТИЩИ ХЛЕБОЗАВОДСКАЯ УЛИЦА 4 (вт-сб),,,,

Платят,ПЕТРУШИН АНДРЕЙ СЕРГЕЕВИЧ,г. Орел,,,,

ЮЗАО,ПиМ-Сервис,"МКАД 47 км, внешняя сторона.",,,,

ВАО,Пит стоп,"ул. Монтажная, дом 4А стр 2.",,,,
ЮАО,Пит-Стоп Сервис,"Москва, ул. Южнопортовая, д.9, стр.2","","",+7 964 626-89-95,""
ЮАО,ПКФ СИМ Варшавка,"г.Москва, Варшавское шоссе, 26, стр. 32. (м.Нагатинская)",Владимир,Актуально на 29.04,89260592588,nmigusev@sim-auto.ru
ЮЗАО,ПКФ СИМ Введенского,"ул.Введенского, д.4а","","","",master-kuzceh2@sim-auto.ru
ЮЗАО,ПКФ СИМ Введенского,"ул.Введенского, д.4а","","",+7495-225-1566 доб. 4511,ARakutin@sim-auto.ru
ЮЗАО,ПКФ СИМ Введенского,"ул.Введенского, д.4а","","",+7495-308-08-52,Uchernikov@sim-auto.ru
САО,ПКФ СИМ Ленинградка,"Ленинградский проспект 64, предварительно звонить 8-926-165-86-30","","",8-495-925-55-15,severkuz@sim-auto.ru
ЮАО,ПОБЕДА,"г.Москва, п.Сосенское, п.Коммунарка, ул. Александры Монаховой, вл.10","","",8(495)995-11-44,""

ЮАО,ПодольскКомТранс,"Подольский р-н, п. Сельхозтехника, Домодедовское ш., д. 5",,,,
ЮАО,Полеев Александр,Кустанайская 3к2,Полеев Александр,"",8(964)633-41-26,""
ЮЗАО,Порше Центр Ленинский,"Москва, Ленинский пр-т, д.107","","",84957881911,Sergey.Ershov@porsche-leninsky.ru
ЮЗАО,Порше Центр Ленинский,"Москва, Ленинский пр-т, д.107","","","",dmartikonis@gmail.com
СЗАО,Порше Центр Москва (Ленинградка),***Ленинградское шоссе д.71А стр 10,Максим,"",+7(916)782-04-46,oleg.shutiaev@porsche.ru
СЗАО,Порше Центр Москва (Ленинградка),***Ленинградское шоссе д.71А стр 10,"","","",Anton.Samoylenko@porsche.ru
САО,"Порше Центр Москва (ПЦМ, 78км, з/н СРВ)","МКАД 78км вл.4, ООО «ЦКС»","","",8(495)602-02-22,popov@ckstation.ru
САО,"Порше Центр Москва (ПЦМ, 78км, з/н СРВ)","МКАД 78км вл.4, ООО «ЦКС»","","","",oleg.shutiaev@porsche.ru
САО,"Порше Центр Москва (ПЦМ, 78км, з/н СРВ)","МКАД 78км вл.4, ООО «ЦКС»","","","",master@ckstation.ru
САО,"Порше Центр Москва (ПЦМ, 78км, з/н СРВ)","МКАД 78км вл.4, ООО «ЦКС»","","","",a.taleev@ckstation.ru
САО,"Порше Центр Москва (ПЦМ, 78км, з/н СРВ)","МКАД 78км вл.4, ООО «ЦКС»","","","",evgeniy.kryuchkov@porsche.ru
САО,"Порше Центр Москва (ПЦМ, 78км, з/н СРВ)","МКАД 78км вл.4, ООО «ЦКС»","","",+7(495)212-0-911 доб.105,apranevsky@gmail.com
САО,"Порше Центр Москва (ПЦМ, 78км, з/н СРВ)","МКАД 78км вл.4, ООО «ЦКС»","","","",dmartikonis@gmail.com
СЗАО,Порше Центр Рублевский,"МО, Одинцовский р-н, д.Раздоры, 61км МКАД, стр.1 !!! до 16:30 !!!","","","",OKR@porsche-scc.com
СЗАО,Порше Центр Рублевский,"МО, Одинцовский р-н, д.Раздоры, 61км МКАД, стр.1 !!! до 16:30 !!!",Мастер кузовного,"",+7 (495) 249 11 11 доб. 255 / 250,belov@porsche-scc.com
ЗАО,Правильное решение,Очаковское шоссе д. 5,,,,z@zdecision.ru
СВАО,Прайм Кар,Кулаков пер.. Д. 15,,,,sogl15@ovod.ru

ВАО,ПРЕВОКС МОТОРС,Кетчерская 9,,,,
ЮВАО,Про-СТО Сервис,"Москва, Остаповский пр-д, д.10, стр.1","","",8(495)532-35-30,""
ЮВАО,Про-СТО Сервис,"Москва, Остаповский пр-д, д.10, стр.1","","",+7(967)100-40-30 ,""
ЮАО,"ПТЦ  ""КомТранс Юг""","ул. Дорожная, д. 3, корп. 20","","",+7(968)520-15-58,""
ЮАО,"ПТЦ  ""КомТранс Юг""","ул. Дорожная, д. 3, корп. 20","","",+7(499)559-99-10 * 425,kuzov@ctug.ru

САО,ПЦМ Подряд,"МКАД, 78-й километр, вл4",,,,
СЗАО,РЕАЛАВТО,"Москва, Волоколамское ш., д.4","","",8-929-636-44-11,""
СВАО,РЕГАРД-СЕРВИС,Сельскохозяйственная 26 стр 15 / Лобачевского 130А стр 16,"","",+7(985)765-2215,""
СВАО,РЕГАРД-СЕРВИС (Барклая),Сельскохозяйственная 26 стр.15,"","",+7(985)765-22-15,""

Платят,Реймерс Авто,Сколковское ш. 31,,,,
ЗАО,Реймерс Сервис,Сколковское ш. 31,"","",+7(977)339-15-36,kozlov@riservice.ru

нет округа,Ремонт бамперов,"",,,,

ЮАО,Ренессанс-Сервис,"г. Серпухов, Калужский пер. д 10",,,,

ЮВАО,РЕНСЕРВИС,"г. Дзержинский, 140091, ул. Энергетиков, д.28",,,,
СВАО,Реском,"Полярный пр 18 (пн-пт 9-18, сб 11-16)","","","",kashenkov@rsgrp.ru
ВАО,РесурсФинанс,Плеханова 5,,,,kuzov@lifan-car.ru

ЮВАО,РесурсФинанс-МКАД,19 км МКАД д.12,,,,

САО,РН Сервис МО,Химки. Ленинградское ш. влад 18,,,,
САО,РОЛЬФ (бывший Рольф Химки),"М.О.,г.Химки, Ленинградское ш., влад. 21 (ПН-ПТ 9-18, Обед 13-14)","","",+7(495)127-41-30 (доб.77460),rolf_himki@mail.ru
САО,РОЛЬФ (бывший Рольф Химки),"М.О.,г.Химки, Ленинградское ш., влад. 21 (ПН-ПТ 9-18, Обед 13-14)","","",+7(923)325-9777,""
ЮАО,Рольф Варшавка,Варшавское шоссе 127,"","","",gvurusov@rolf.ru
ЮАО,Рольф Варшавка,Варшавское шоссе 127,"","","",semishin@rolf.ru
ЮАО,Рольф Варшавка,Варшавское шоссе 127,Александр,Шалимов,8-903-624-54-54,Rolf_varshavka@mail.ru
ЮВАО,Рольф Волгоградский,"Остаповский проезд, 4 (ул. Обручева, д.27, корп.1)","","",+7(963)604-9840,rolf_volgogradskij@mail.ru
ЮВАО,Рольф Волгоградский,"Остаповский проезд, 4 (ул. Обручева, д.27, корп.1)",Алексей Котов,"",89163780311,""
ЮВАО,Рольф Восток,Рязанский проспект 24 к.3 (по средам),"","","",dyomelchenko@rolf.ru
ЮВАО,Рольф Восток,Рязанский проспект 24 к.3 (по средам),Виталий,"",8-977-258-16-69,ISKravchuk@rolf.ru
ЮВАО,Рольф Восток,Рязанский проспект 24 к.3 (по средам),"","",+7(916)770-3370,East-security@rolf.ru
САО,Рольф Дмитровка,"Дмитровское ш., дом 107Д","","",+7(965)228-10-50,Pelikan.dmitrovka@mail.ru
САО,Рольф Дмитровка,"Дмитровское ш., дом 107Д","","",+7(903)629-59-35,""
ЮАО,Рольф Каширка,г. Москва 24 км МКАД внешняя сторона,Игорь,"",8-925-126-07-30,rolf_kashirka@mail.ru
ЮАО,Рольф Каширка,г. Москва 24 км МКАД внешняя сторона,"","","+7 (495) 974-22-23, доб. 70753",SNBahtin@rolf.ru
ЮАО,Рольф Каширка,г. Москва 24 км МКАД внешняя сторона,"","",965-228-10-50,""
ЗАО,РОЛЬФ Моторс (Филиал Ясенево),"г. Москва, 40-й км МКАД (внешняя сторона), вл. 1, стр. 2",Василий,Ковалев,8 (906)656-98-96,rolf_yasenevo@mail.ru
ЗАО,РОЛЬФ Моторс (Филиал Ясенево),"г. Москва, 40-й км МКАД (внешняя сторона), вл. 1, стр. 2",Василий,Ковалев,8(999)789-70-82,""
ЗАО,РОЛЬФ Моторс (Филиал Ясенево),"г. Москва, 40-й км МКАД (внешняя сторона), вл. 1, стр. 2",Артем,Родионов,8 (916)766-24-48,PVPavlov1@rolf.ru
САО,"РОЛЬФ (филиал Алтуфьево, Диамант)","Алтуфьевское ш.,д.31, корп.1 (с собой копию доверенности и акт п/п в 2х экземплярах)",Влад,"",8-915-070-70-75,rolf_altufevo@mail.ru
САО,"РОЛЬФ (филиал Алтуфьево, Диамант)","Алтуфьевское ш.,д.31, корп.1 (с собой копию доверенности и акт п/п в 2х экземплярах)","","",8-926-218-56-67,""
САО,"РОЛЬФ (филиал Алтуфьево, Диамант)","Алтуфьевское ш.,д.31, корп.1 (с собой копию доверенности и акт п/п в 2х экземплярах)",Андрей ,"",+79250259203,""
САО,Рольф (филиалАЦСЕВЕР) только Ауди,"г.Москва, Ленинградское ш., д.63Б Предупреждать  8-909-642-39-39","","", 8(909)642-39-39,rolf_audi.sever@mail.ru
САО,Рольф (филиалАЦСЕВЕР) только Ауди,"г.Москва, Ленинградское ш., д.63Б Предупреждать  8-909-642-39-39","","",+7(916)597-21-05,Nikolay.Pronin@audi-sever.ru
СВАО,РОЛЬФ (филиалСити),Ярославское ш„ д.31,Евгений,Фирсаков,8-925-840-04-49,rolf_citi@mail.ru
СЗАО,Рольф (филиал Центр),"2ой Магистральный тупик, д.5А",Александр,"",+7 903-182-22-27,""
СЗАО,Рольф (филиал Центр),"2ой Магистральный тупик, д.5А","","",+7 958-817-89-76,""
СЗАО,Рольф (филиал Центр),"2ой Магистральный тупик, д.5А",Георгий,"",+7 916-770-33-70,rolf.centr@mail.ru
СЗАО,Рольф (филиал Центр),"2ой Магистральный тупик, д.5А",Вадим,"",+7 977-863-08-81,""
СЗАО,Рольф (филиал Центр),"2ой Магистральный тупик, д.5А","","",+7 985 483 53 05,""
ЮАО,Рольф филиал Юг,"Москва, Обручева д.27, к.1 в 11:00 Предупреждать +7-965-147-86-30","","",8-925-499-08-40,rolf_yug@mail.ru
ЮАО,Рольф филиал Юг,"Москва, Обручева д.27, к.1 в 11:00 Предупреждать +7-965-147-86-30","","",8-985-070-56-08,aa2inovev@rolf.ru
САО,Рольф Фольксваген Север,"МКАД, 85-й километр, вл3с2","","",+7(495)126-18-31,rolf_vw_sever@mail.ru
САО,Рольф Фольксваген Север,"МКАД, 85-й километр, вл3с2","","",+7 926 898-090-51,""
САО,Рольф Фольксваген Север,"МКАД, 85-й километр, вл3с2","","",+7(977)626-08-03,""
СЗАО,РСК-Сервис,"ул. Свободы 35, стр. 17 (ВТ-ПТ)","","",+7(965)116-17-68,rsc-service@mail.ru
ЮЗАО,"РТДС+, Кузовной центр","ОБРУЧЕВА, Д.52, СТР.69 / 32й км МКАД вл15 (Автосервис автопрестиж) До 18:00!",Владимир,"","",sogl@rtds.ru
ЮЗАО,"РТДС+, Кузовной центр","ОБРУЧЕВА, Д.52, СТР.69 / 32й км МКАД вл15 (Автосервис автопрестиж) До 18:00!",Денис,"",+7(963)710-17-77 Денис,""

ЗАО,РТР-Авто,"НОВОРИЖСКОЕ ШОССЕ, 5 КМ",,,,
СЗАО,Рублевка Сервис,"Одинцовский р-н, д. Раздоры, Рублево-Успенское ш., 1 км, д. 2",Вячеслав,"",+7(903)777-03-60,""
ЮВАО,РусКомАвто,"Раменский р-н, г. Раменское, Северное ш., д.1, к.3","","","",info@truck-group.ru

САО,РусКомАвто Зеленоград,"Зеленоград. Пр. Ген Алексеева 17Д,",,,,
ЮАО,РусКомАвто (Подольских курсантов),"Подольских курсантов, 32",,,,truckbizulevo@mail.ru

ВАО,РусКомАвто Рязань,"Рязанская обл., с. Дядьково, стр. 2",,,,
ЮЗАО,Рус-Лан,"Миклухо-Маклая, 8 стр. 3, 645-84-54",,,,kuzov@rus-lan.ru
САО,Русский стиль - Авто М,"Ильменский проезд, д. 11, стр. 7. (Перед приездом звонить!)","","",+7(495)943-99-05,""
ЮАО,СД-С,"МО, Домодедово, Каширское ш., д.105","","",88005507755; 74952298063,""
ЗАО,СеАлКо,"ул. Молодогвардейская, д. 57 стр 2","","",(495)106-0544,avto@ridamotors.ru
ЗАО,СеАлКо,"ул. Молодогвардейская, д. 57 стр 2","","",WhatsAPP (901)42-90607,""
АСЦ,Север Авто С,Сигнальный проезд 16,"","",495-287-08-95,vydacha.asc@gmail.com

ВАО,Сервис,"г.Москва, Тюменский проезд, д. 5",,,,
Платят,Сервис24,"Ермакова Роща, д.7Б, стр.5 (новый адрес!)","","",74994443423,service@ins24.ru
Платят,Сервис24,"Ермакова Роща, д.7Б, стр.5 (новый адрес!)","","","",city.service@ins24.ru
ВАО,Сервис Авто,"ул. Волочаевская, д.44, этаж 1, комната 44","","",8(495)707-1777 (доб.211),unit-repair@yandex.ru

СВАО,Сервис Люкс,"г. Мытищи, 9 ленинский переулок",,,,

СВАО,Сервис Плюс,"Мытищи, Ленинский пер, д.11",,,,
ЮАО,Сервис Центр (АзимутСП),Ул. Дорожная д.3 стр .13,"","","",ceh@bmw-azimutsp.ru
ЮАО,Сервис Центр (АзимутСП),Ул. Дорожная д.3 стр .13,"","","",avemik@gmail.com
ЮАО,Сервис Центр (АзимутСП),Ул. Дорожная д.3 стр .13,"","",363-96-96,COORDINATION@bmw-azimutsp.ru
ЮАО,СИАС - Тракс (МО),"МО, Ленинский р-н, с. Булатниково, Симферопольское ш., д.3","","",+7(495)411-54-33 доб. 4882,""
ЮЗАО,Сибирь-Авто,"Бережковская наб. 20, стр 13","","","",sibir.kuz@mail.ru
ЮАО,СИЛВЕРКАР,"Домодедовское шоссе, 16А","","",7(906)755-07-43,""
ЗАО,Сильверкар (Сколковское ш.),"Москва, Сколковское шоссе, д. 31, стр.15","","",8(800)707-77-81,""
САО,Сильверкар (ул. С. Супруна),"Москва, ул. Степана Супруна, д.7, стр.1","","",8(800)707-77-81,""
САО,Сильверкар (ул. С. Супруна),"Москва, ул. Степана Супруна, д.7, стр.1","","",8(499)288-77-12,""

ЮАО,Сим Сервис М,"ул. Деловая, д 11 корп. 2",,,,
ЮАО,СИМцентр,Варшавское ш.26 стр.11 (до 12:00),"","","",KSIMcentr@hyundai-sim.ru
ВАО,Скан Кар,г. Москва ул. Прокатная д. 7,"","","",a.yavetskiy@77volvo.ru
ВАО,Скан Кар,г. Москва ул. Прокатная д. 7,Офис,"",495-258-25-74,""
ВАО,Скан Кар,г. Москва ул. Прокатная д. 7,"","",495-481-74-74,""
ВАО,СК Ника,"Факт.адрес: Москва, Кетчерская улица, 13 // Юр.адрес: МО, г.Балашиха, мкр. Железнодорожный, ул. Октябрьская, д.33, блок А.","","",79851801801,""
ЮАО,СК ТИТ,"Москва, 2-й Южнопортовый пр., 18, стр. 8",Артем,"",+79163460703,""
АСЦ,Смарт Трейд (дубровка),2-я ул. Машиностроения д. 6,"","","",Evgeniy.Khryapin@kia-msk.ru
АСЦ,Смарт Трейд (дубровка),2-я ул. Машиностроения д. 6,"","",+7 (495) 740 02 20,kuzov@kia-msk.ru
АСЦ,Смарт Трейд (дубровка),2-я ул. Машиностроения д. 6,"","","",vydacha.asc@gmail.com
АСЦ,Смарт Трейд (М-Финанс),Сигнальный проезд 16,"","","",vydacha.asc@gmail.com
СВАО,Соларис-М,"Мытищи г., Волковское ш., вл. 17 (пн-пт 9-17)","","","",s.sherenkov@kvist.ru
ЮВАО,СПЕКТРЛОГИСТИК (МО),"МО, Жуковский, ул. Мясищева, д.24, стр.а","","",88005054989,""
САО,"Спорткар-Центр (СКЦ, 78км)","МКАД, 78 км, внешняя сторона, первая линия, владение 4В, ООО «ЦКС»","","","",zrobok@porsche-scc.com
САО,"Спорткар-Центр (СКЦ, 78км)","МКАД, 78 км, внешняя сторона, первая линия, владение 4В, ООО «ЦКС»",Андрей,Девятов (Мастер кузовного),+7(495)602-02-22 ,""
САО,"Спорткар-Центр (СКЦ, 78км)","МКАД, 78 км, внешняя сторона, первая линия, владение 4В, ООО «ЦКС»",Дмитрий,Мартиконис,+7(916)800-28-25 ,""
САО,"Спорткар-Центр (СКЦ, 78км)","МКАД, 78 км, внешняя сторона, первая линия, владение 4В, ООО «ЦКС»",Денис,Денев (Начальник кузовного),+7(926)204-22-55,""
САО,"Спорткар-Центр (СКЦ, 78км)","МКАД, 78 км, внешняя сторона, первая линия, владение 4В, ООО «ЦКС»","","","",apranevsky@gmail.com
САО,"Спорткар-Центр (СКЦ, 78км)","МКАД, 78 км, внешняя сторона, первая линия, владение 4В, ООО «ЦКС»","","","",master@ckstation.ru
САО,"Спорткар-Центр (СКЦ, 78км)","МКАД, 78 км, внешняя сторона, первая линия, владение 4В, ООО «ЦКС»","","","",a.taleev@ckstation.ru
ЮАО,С-СЕРВИС (Сияние ТК),"142184, МО, Подольский р-н, МИС п","","",7(499)519-13-19,""

ЮАО,СТА-Сервис,"г Ступино, ул Загородное владение, д 15",,,,
Платят,Статус Авто (ТО-Сервис),"1-й митинский переулок, вл 3 // ул Саломеи-Нерис д.4 корп.3","","","",sk@statusavto-service.ru
Платят,Статус Авто (ТО-Сервис),"1-й митинский переулок, вл 3 // ул Саломеи-Нерис д.4 корп.3","","","",""
ЗАО,Стенд-Авто (Даниан-Сервис),"3-й Хорошевский пр-д, дом 5","","","",nik6.68@mail.ru
ЗАО,Стенд-Авто (Даниан-Сервис),"3-й Хорошевский пр-д, дом 5","","","",ndn@danian.ru
ЗАО,Стенд-Авто (Даниан-Сервис),"3-й Хорошевский пр-д, дом 5",Мастер кузовного,"","",kuz@danian.ru
Платят,СТО-сервис,1й Митинский пер. д.25,"","","",sobolev@sto-serv.ru

СВАО,Стрим Авто Сервис,"Сущевский вал 5, стр 18",,,,

ЮВАО,СТС Сервис,"Люберцы, Котельнический пр-зд 23в,",,,,

САО,СТС-С ( У Сервис + ),Старокоптевский пер 6,,,,
ЮВАО,СТЦ ТехСтар,"Котельники, Дзержинское ш., 7/2",Смена 1,Крестьянинов Алексей,89036604434,kuzov@teh-star.ru
ЮВАО,СТЦ ТехСтар,"Котельники, Дзержинское ш., 7/2",Смена 2,Баркин Алексей ,+7 926 813-05-44,defectsto@teh-star.ru
ЮВАО,"СЦ АЦ Юг (28-, 83-)",МО г. Дзержинский ул. Алексеевская д 8,"","","",kuzovaudipriemka@audi-yug.ru
ЮВАО,"СЦ АЦ Юг (28-, 83-)",МО г. Дзержинский ул. Алексеевская д 8,Дмитрий,Борец,"",dmitriy.borets@major-auto.ru
ЮВАО,"СЦ АЦ Юг (28-, 83-)",МО г. Дзержинский ул. Алексеевская д 8,Евгений,Абраменков,"",evgeniy.abramenkov@major-auto.ru
САО,СЦ-Север (Эла),"ул. Клязьминская, д. 5","","",8(926)-419-91-60,timofej.kshennikov@kiasever.ru
САО,СЦ-Север (Эла),"ул. Клязьминская, д. 5","","",+7 (495) 287-08-95,""
САО,СЦ ТЦШ (Тойота Центр Шереметьево),"г. Химки, Ленинградское шоссе, владение 24.","","",+7(495)730-22-00 доб.275,kuzov@major-toyota.ru
ВАО,Сэвен,ул Волочаевская 44,,,,kuzov-unit@yandex.ru
ВАО,Сэвен,ул Волочаевская 44,,,,unit-repair@yandex.ru
ЗАО,ТАВИ М,"Москва, Мукомольный пр-д, д.2Б, стр.1","","",74992562065,komarov19@yandex.ru

ВАО,Тауэр ЛТД,Орехово-Зуево. Малодубенское ш. дом 6,,,,

ЮАО,ТестАвто,г. Чехов. Симферопольское ш. д3А,,,,
Марченко,Техавтоком,Полярный проезд д.18,Дмитрий,"",+7(903)549-68-36,Berez12@mail.ru

ЮВАО,"Техавтоцентр НАТС (Вязовский, НТС)",2 й вязовский проезд д 12,,,,
ВАО,"Техавтоцентр НАТС (Носовиха, ТЦН)","г. Реутов, Носовихинское ш. 33 2 й вязовский проезд д 12",Игорь,"",89647908908,kuz2-reut@natc-group.ru
ВАО,"Техавтоцентр НАТС (Носовиха, ТЦН)","г. Реутов, Носовихинское ш. 33 2 й вязовский проезд д 12","","",+7(495)926-03-03,""
ВАО,"Техавтоцентр НАТС (Носовиха, ТЦН)","г. Реутов, Носовихинское ш. 33 2 й вязовский проезд д 12","","",+7(999)541-69-72,""

ЮВАО,ТехАвтоЮг (Лыткарино),Лыткарино ул.Спортивная стр.1,,,,
ЮВАО,ТехАвтоЮг (Люберцы),"Люберцы, Котельнечекий проезд, д. 4.",,,,ilya-yurut@kia-maryino.ru
АСЦ,ТехАвтоЮг (Марьино),Сигнальный проезд 16,Александр,"",8-965-762-91-71,kyzov-kia@kia-maryino.ru
АСЦ,ТехАвтоЮг (Марьино),Сигнальный проезд 16,"","","",vydacha.asc@gmail.com
АСЦ,ТехАвтоЮг (М-Финанс),Сигнальный проезд 16,"","","",detali-asc-vidacha2@yandex.ru
АСЦ,ТехАвтоЮг (М-Финанс),Сигнальный проезд 16,"","","",maxim.kozlov@kia-maryino.ru
АСЦ,ТехАвтоЮг (М-Финанс),Сигнальный проезд 16,"","","",vydacha.asc@gmail.com
АСЦ,ТехАвтоЮг (Сигнальный),Сигнальный проезд д.16,Виктория ,"",8(968)485-55-57 ,vydacha.asc@gmail.com
ЮАО,Технический центр Каширский(ОВОД),"М.О., Ленинский р-н, с.п. совхоз им.Ленина, 26 км МКАД, владение 13 (вт-ср выходной)",Звонить,"",+7 (495)787 53 53 доб. 455 ,masoc@ovod.ru
ВАО,Техно-ВТТ,Краснобогатырская 89 (12:00-17:00),Павел,"",(915)-422-01-90,""
ВАО,Техно-ВТТ,Краснобогатырская 89 (12:00-17:00),Дмитрий,"",(495) 646-29-29 доб.121,d.kuzmin@turbo-vag.ru
Платят,Техносервис,Кулаков переулок 15,"","",тел. 495-143-64-00,""
Платят,Техносервис,Кулаков переулок 15,"",Дмитрий,8(915)449-17-59,""
Платят,Техносервис (Верхние Поля),Кулаков переулок 15,"","",тел. 495-143-64-00,""
Платят,Техносервис (Верхние Поля),Кулаков переулок 15,"",Дмитрий,8(915)449-17-59,""
ВАО,Техносервис (Лыткарино),"МО,г. Лыткарино, Спортивная ул., стр.1",,,,kuzov@tekhnoservise.ru
ВАО,Техносервис (Лыткарино),"МО,г. Лыткарино, Спортивная ул., стр.1",,,,kuzov@as-motors.ru
ЮЗАО,Техносервис (Техинком-Авторемонт 47км МКАД),"47 км МКАД, дер. Говорово","","","",e.shubnov@techincom.ru
ЮЗАО,Техносервис (Техинком-Авторемонт 47км МКАД),"47 км МКАД, дер. Говорово","","","",a.platov@techincom.ru
ЮЗАО,Техносервис (Техинком-Авторемонт 47км МКАД),"47 км МКАД, дер. Говорово","","","",zapchasti@ingos.ru
ЮЗАО,Техносервис (Техинком-Авторемонт 47км МКАД),"47 км МКАД, дер. Говорово","","","",n.groshkov@techincom.ru
САО,Техносервис (Химки),Ленинградское ш. вл.16 (з/н ЛС),Виталий,"",8(968)767-12-21,viktor.sherbakov@techincom.ru
САО,Техносервис (Химки),Ленинградское ш. вл.16 (з/н ЛС),"","","",sergey.petrikin@techincom.ru
СЗАО,Техносервис (Шмит),Хорошёвское шоссе 3 стр 1,,,,sgol@ap-auto.ru
СЗАО,Техносервис (Шмит),Хорошёвское шоссе 3 стр 1,,,,yugog@ap-auto.ru

ВАО,Техносервис (Шмит-Балашиха),"г. Балашиха, ул. Объездное шоссе, владение 1/2",,,,
СВАО,Техцентр Дмитровка,Дмитровская ш. 64,"","",916-445-54-48,""
Платят,Техцентр Лорем Авто,"Москва, Сиреневый бульвар, д.83","","",8(495)740-99-98,""
ЮАО,Техцентр на Дорожной/Автосервис,Москва ул. Дорожная д. 3 стр. 13,Иван,"",8-915-418-14-24,service_ap@autopassage.ru
ЮАО,Техцентр на Дорожной/Автосервис,Москва ул. Дорожная д. 3 стр. 13,"","","",bondin@autopassage.ru
ЮАО,Техцентр на Дорожной/Автосервис,Москва ул. Дорожная д. 3 стр. 13,"","","",master@autopassage.ru
ЮАО,Техцентр Символ,"Каширское ш 67, стр 14 (ВТ-ПТ 11:00-17:00) !!!Звонить перед выездом!!!","","","",kuzov@symbol-service.ru
ЮАО,Техцентр Символ,"Каширское ш 67, стр 14 (ВТ-ПТ 11:00-17:00) !!!Звонить перед выездом!!!","","",+7(916)445-54-48,4455448ER@mail.ru

БК,Тойота-центр Битца (Бизнес кар),Балаклавский пр 26 (пятница),,,,
ЮЗАО,ТОЙОТА ЦЕНТР ВНУКОВО,"ГОРОД МОСКВА, Д.КАРТМАЗОВО, УЛИЦА КИЕВСКАЯ, СТРОЕНИЕ 8 (Звонить за час)","","","",andrey.savin@inchcape.ru
ЮЗАО,ТОЙОТА ЦЕНТР ВНУКОВО,"ГОРОД МОСКВА, Д.КАРТМАЗОВО, УЛИЦА КИЕВСКАЯ, СТРОЕНИЕ 8 (Звонить за час)","","","",VALERIY.MATVEEV@inchcape.ru
ЮЗАО,ТОЙОТА ЦЕНТР ВНУКОВО,"ГОРОД МОСКВА, Д.КАРТМАЗОВО, УЛИЦА КИЕВСКАЯ, СТРОЕНИЕ 8 (Звонить за час)","","","",iliya.khromov@inchcape.ru
ЮЗАО,ТОЙОТА ЦЕНТР ВНУКОВО,"ГОРОД МОСКВА, Д.КАРТМАЗОВО, УЛИЦА КИЕВСКАЯ, СТРОЕНИЕ 8 (Звонить за час)",Станислав,Ветров,"",stanislav.vetrov@inchcape.ru
ЮЗАО,ТОЙОТА ЦЕНТР ВНУКОВО,"ГОРОД МОСКВА, Д.КАРТМАЗОВО, УЛИЦА КИЕВСКАЯ, СТРОЕНИЕ 8 (Звонить за час)",Максим,Шалаев,"",maksim.shalaev@inchcape.ru
ЮЗАО,ТОЙОТА ЦЕНТР ВНУКОВО,"ГОРОД МОСКВА, Д.КАРТМАЗОВО, УЛИЦА КИЕВСКАЯ, СТРОЕНИЕ 8 (Звонить за час)",Валерий,"","",vladimir.sokolov@inchcape.ru
ЮЗАО,ТОЙОТА ЦЕНТР ВНУКОВО,"ГОРОД МОСКВА, Д.КАРТМАЗОВО, УЛИЦА КИЕВСКАЯ, СТРОЕНИЕ 8 (Звонить за час)",Владимир,"",8(916)777-72-37,vladimir.korobov@borishof.ru
ЮЗАО,ТОЙОТА ЦЕНТР ВНУКОВО,"ГОРОД МОСКВА, Д.КАРТМАЗОВО, УЛИЦА КИЕВСКАЯ, СТРОЕНИЕ 8 (Звонить за час)",Рязанов Дмитрий Евгеньевич,"",4957879999 доб. 11138 ,dmitry.ryazanov@borishof.ru
ЮЗАО,ТОЙОТА ЦЕНТР ВНУКОВО,"ГОРОД МОСКВА, Д.КАРТМАЗОВО, УЛИЦА КИЕВСКАЯ, СТРОЕНИЕ 8 (Звонить за час)","","","",kuzov.vnukovo@borishof.ru

БК,Тойота-центр Каширский (Бизнес кар),"Ленинский р-н, с\х им. Ленина, МКАД 26 км. Влад 5, стр 1-4, (пятница)",,,,

БК,Тойота-центр Лосиный остров (Бизнес кар),"Мытищи, 3-я Колхозная, дом 9 (вторник)",,,,

БК,Тойота-центр Рублевский (Бизнес кар),Рублевское ш 74 (среда),,,,

БК,Тойота-центр Серебряный бор (Бизнес кар),"пр марш Жукова, д49, корп 1 (нет кузовного)",,,,
ЮВАО,Торгмаш-Сервис,Иловайская 2Б (с 10-00 до 18-00),"","","",service@torgmash-avto.ru
ЮВАО,Торгмаш-Сервис,Иловайская 2Б (с 10-00 до 18-00),"","","",service-mar@torgmash-avto.ru
ЮАО,ТПК Трейдинвест,Шлюзовая набережная 2/1 (танковый пр. 4с27),"","",(925)925-94-03,""

ЗАО,Траквилл,"Одинцовский р-н, д. Хлюпино, ул. Заводская 1а, тел. 495-134-13-41",,,,
ЮАО,Трак Групп Сервис (п Пирогова),Ул Подольских курсантов 32, Владимир,"",+7(903)196-12-01,konnoviv@truck-group.ru
ЮАО,Трак Групп Сервис (п Пирогова),Ул Подольских курсантов 32,Валерий,"",+7(963)654-45-49,""
СЗАО,ТРАК-МЕХАНИК (МО),"МО, Истринский р-н, п.Агрогородок, д.17","","",74957732202,""
ЗАО,ТракСпейс (МО),"МО, Одинцовский р-н, п. Городок-17, вл.11, стр.3","","",79853000788,info@truckspace.ru
ЮАО,ТрансСевер,Архив того года,,,,sogl@kashirka39.ru
ВАО,Трейдальянс,"59км А/Д Москва-Н.Новгород, с/п Буньковское, д.1","","",84959260302,""
ЮАО,Трейд Моторс (МО),Зорин лес 34,"","",7(929)961-7514,tm-kuzov@mail.ru
ЮАО,ТСК Техинком,"МО, г.Подольск, Домодедовское ш., д.7","","",74959743747,""
ЗАО,ТСЦ ВЕНТУС,Мосфильмовская 68,"","",+7(495)234-3913 доб. 350,kuzov@ventus.ru
ЮАО,ТТМ Центр,"МО, Ленинский район, д. Горки, Каширское ш., вл.28","","",+7(916)321-33-72,kr@ttm-c.ru
ЮАО,ТТМ Центр,"МО, Ленинский район, д. Горки, Каширское ш., вл.28","","",8_903 555 7169,""
ЮАО,ТТМ Центр,"МО, Ленинский район, д. Горки, Каширское ш., вл.28","","",8(903)555-71-69,""
ЮАО,ТТМ Центр,"МО, Ленинский район, д. Горки, Каширское ш., вл.28",Мастер Кузовного цеха,"",8(903)555-71-69,""

ЮЗАО,ТТЦ Волгина-Авто,"г. Москва, ул. Академика Волгина д.6",,,,
Марченко,Тушино сервис,Волоколамское ш. 116,Владимир Посевин,"",8(903)666-77-67,Kuzov@auto-tushino.ru
Марченко,Тушино сервис,Волоколамское ш. 116,"","",8(495)504-40-56,""
ЮВАО,ТЦ Котельники,"МО, Котельники, мкр. Силикат, Промзона, д.17","","",+7(495)256-40-41,sk@tckotelniki.ru

ЗАО,ТЦ Кунцево Лимитед,Горбунова 14 (нужны зн и ф),,,,
ЗАО,ТЦ Новорижский Сервис,"Красногорский р-н, д.Михалково, п/о Архангельское, а/д Балтия, 25 км, Торгово-складской комплекс.",,,,concord@major-toyota.ru
ЗАО,ТЦ Новорижский Сервис,"Красногорский р-н, д.Михалково, п/о Архангельское, а/д Балтия, 25 км, Торгово-складской комплекс.",,,,Dmitru.Borets@major-toyota.ru
СВАО,ТЦ Сокольники Сервис,"Сокольнический Вал, 1 л","","","",vinogradov@major-toyota.ru
СВАО,ТЦ Сокольники Сервис,"Сокольнический Вал, 1 л","","","",skl.kuzov@major-toyota.ru
СЗАО,ТЦ Сокольники Сервис (Магистральная),1я Магистральная д.13 стр.1 (Мэйджор - Магистральная),"","","",kuzovmaglextoy@major-toyota.ru
СЗАО,ТЦ Сокольники Сервис (Магистральная),1я Магистральная д.13 стр.1 (Мэйджор - Магистральная),Сергей,Кучерук,"",sergey.kucheruk@major-auto.ru
ВАО,УБазис,"г. Москва, ул.Электродная, д.14с1","","",8 (499) 409-48-43,""
ЗАО,УзДЭУ-Моторс,"Малогвардейская 61 стр4, 775-12-77",,,,stoa2@uzdm-motors.ru
,УПДК,"ул. Киевская 8 (звонить перед визитом, ПН-ПТ, 9-17)","","",8-499-766-17-77 доб. 352 или 364,kuzov@sac.ru
СЗАО,УРемонт,"ул. Бусиновская горка, вл. 1","","",+7-800-707-12-9,TROFIMOV.A@UREMONT.COM

СЗАО,У Сервис + (Башиловская) /2,"Башиловская 2, стр. 3",,,,
САО,У Сервис+ (Викторенко) (ранее СЦМ) /32,Викторенко 18 стр3,,,,kuzov.v@uservice.ru
ЮВАО,У Сервис + (Люблинская) /8,Люблинская дом 60,,,,harchevnikov.a@uservice.ru
ЮАО,У Сервис+ (Речников) /4,"ул. Речников, 29","","","",EKC@uservice.ru
ЮАО,У Сервис+ (Речников) /4,"ул. Речников, 29","","","",soglas@uservice.ru
ЮАО,У Сервис+ (Речников) /4,"ул. Речников, 29","","","",kat@uservice.ru
ЮАО,У Сервис+ (Речников) /4,"ул. Речников, 29","","","",oparin.s@uservice.ru
САО,У Сервис Санрайз (Ленинградка) Химки /9,г. Химки Ленинградское шоссе д. 16 владение 16/строение 1 (вт-пт),"","","",kuzov@khimki.subaru.ru
САО,У Сервис Санрайз (Ленинградка) Химки /9,г. Химки Ленинградское шоссе д. 16 владение 16/строение 1 (вт-пт),"","","",kuzov.master@subaru-us.ru
САО,У Сервис Санрайз (Ленинградка) Химки /9,г. Химки Ленинградское шоссе д. 16 владение 16/строение 1 (вт-пт),"","","",Koblikov.s@sunrise-group.ru
СВАО,У Сервис + (Ярославка) /12,Ярославское шоссе А 642-99-99 (до 17:00),Роман,"",8(901)519-5296 ,ekc@uservice.ru
СВАО,У Сервис + (Ярославка) /12,Ярославское шоссе А 642-99-99 (до 17:00),"","","",master.kuz.infiniti@uservice.ru
СВАО,У Сервис + (Ярославка) /12,Ярославское шоссе А 642-99-99 (до 17:00),"","","",urivskiy.e@uservice.ru

САО,Фаворит Ассист (Клары Цеткин 24) (НЕ ВЫБИРАТЬ),Клары Цеткин 24 (Коптево Форд),,,,
САО,ФаворитХоф (GM / Коптево Форд),Коптевская ул. д.69А стр.1 / Клары Цеткин 24 (ВТ-ПТ),Дмитрий,"",+7(903)564-77-73,""
ЮАО,ФаворитХоф (Шкода Варшавка),"Варшавское ш. 1 -й Дорожный проезд, Д4, Стр.1 (кроме ПН)","","","",KUZOV-GM@favorit-motors.ru
ЮАО,ФаворитХоф (Шкода Варшавка),"Варшавское ш. 1 -й Дорожный проезд, Д4, Стр.1 (кроме ПН)","","","",chachalin.r@favorit-motors.ru
ЮАО,ФаворитХоф (Шкода Варшавка),"Варшавское ш. 1 -й Дорожный проезд, Д4, Стр.1 (кроме ПН)","","","",bogdanov.a@favorit-motors.ru
ЮАО,ФаворитХоф (Шкода Варшавка),"Варшавское ш. 1 -й Дорожный проезд, Д4, Стр.1 (кроме ПН)","","","",Gladkih.A@favorit-motors.ru
ЮАО,ФаворитХоф (Шкода Варшавка),"Варшавское ш. 1 -й Дорожный проезд, Д4, Стр.1 (кроме ПН)","","","",Stepanov.Mih@favorit-motors.ru
ЮАО,ФаворитХоф (Шкода Варшавка),"Варшавское ш. 1 -й Дорожный проезд, Д4, Стр.1 (кроме ПН)","","","",starina.r@favorit-motors.ru
ЮАО,ФаворитХоф (Шкода Варшавка),"Варшавское ш. 1 -й Дорожный проезд, Д4, Стр.1 (кроме ПН)","","","",Efremenko.A@favorit-motors.ru
ЗАО,ФГУП ГУО МИД РФ,"Москва, ул. Василисы Кожиной, д.11","","",7 (499) 145-70-69 ,""
СВАО,Федоскинская 12,"Федоскинская 12, стр 1.","","","",skladf12@yandex.ru

ЮВАО,Фиат М5 (М88 Люберцы),г.Люберцы Котельнический проезд д.4,,,,

САО,Филиал ААА Независимость Премьер Авто,"141400. Московская область, г Химки. Вашутинское ш . вл 48",,,,
ЗАО,ФИРМА,"Москва, Молодогвардейская ул., д.54, ст.2","","",89857761153,""
ЮВАО,Фирма Лагода-Интранс,Волгоградский пр. 42,,,,aftersale@avtotop-kia.ru
СВАО,ФКМоторс,104 км МКАД,"","",+7(926)903-42-46,shchanikov@fkmotors.ru

СВАО,ФКМоторс (Бусиново),104 км МКАД,,,,
ЮВАО,Флайт Эксперт(МКАД),МКАД 19й км Тел. (495)500-34-34,"","","",os@honda-dealer.ru
Марченко,Флайт Эксперт (Плеханова),Плеханова д.5 (ВТ-ПТ 10-18),Маер,Актуально на 29.04,89031240420,mShamuratov@honda-dealer.ru
Марченко,Флайт Эксперт (Плеханова),Плеханова д.5 (ВТ-ПТ 10-18),"","","",OS@honda-dealer.ru
СВАО,Флекс Авто,"Москва, ул. Кольская, д.12, стр.1","","",74956455564,""
Марченко,Флит-Сервис,Енисейская д7к3,"","",+7(495)135-31-10,fleet.service.group@gmail.com
Марченко,Флит-Сервис,Енисейская д7к3,Якоб Сергей,"",+7(903)123-77-99,""

ЮЗАО,Флит Сервис Партнерс,Ул. Вавилова 13-а.,,,,
ЮЗАО,Фольсваген центр Внуково,"Киевское шоссе вл. 15, (5 км от МКАД)",Руслан,Актуально на 29.04,89854835305,""
ЮАО,Форза,"Москва, Днепропетровский пр-д, 7","","",8(905)701-40-40,""
ЗАО,Форсаж/Евромоторс,"Магистральный пер, д.3, к. 1","","","",sogl@em-auto.ru
ЗАО,Форсаж/Евромоторс,"Магистральный пер, д.3, к. 1","","","",sogl@smautoservice.ru

ЗАО,ФОРУМ,"Москва, Верейская, 7/2",,,,
СЗАО,ФосиарАвто,Солнечногорский р-н. Авторемонтная стр 3 Позвонить перед приездом!),"","",+79175795176,kuzov@focr.ru
ВАО,ФРИМОНТ,"ул. Старообрядческая, д. 28а, стр.1","","",89651044224,""
СЗАО,Хендэ Магистральная,"2-я Магистральная д. 18, стр. 22","","",74952218300,kirill.kozhukhov@inchcape.ru
ЮВАО,Центр Люберцы,"п. Томилино, Новорязанское ш., стр 15 (с 10.30 до 18.00)",Александр,Вязков,+7 (495)126-45-40,soglas@toyota-lb.ru
ЮВАО,Центр Люберцы,"п. Томилино, Новорязанское ш., стр 15 (с 10.30 до 18.00)","","","",vyazkov_as@kuzov-toyotalb.ru
ЗАО,"Челси Авто (1й Силикатный, з/н ЧМ-)","1-й Силикатный пр-д, д. 19/2 стр 26.",,,,chelsea-auto@mail.ru

ЗАО,"Челси Авто (1ое Успенское, з/н ЧР-)",1-ое Успенское шоссе вл.2 стр.9,,,,
ЮВАО,Шеви+ (Эла),Новорязанское шоссе дом 23/1,,,,cheviplus.kuzov@mail.ru
СЗАО,Шинсервис,"ул. Войкова, д. 6, стр. 9,",,,,mv-auto@bk.ru
СЗАО,Шинсервис,"ул. Войкова, д. 6, стр. 9,",,,,mv-kuzov@yandex.ru

ЮАО,Шкода Каширка,"Каширское шоссе, 46",,,,
Марченко,Шмит-Моторс,"Магистральный пер, д3 стр1",Александр,"",(903)268-11-37,sogl@smautoservice.ru
Марченко,ЭВРИКАР (Андрей - Королёв),"141069, М.о., г. Королёв, мкр. Первомайский, ул. Первомайская, д. 4","","",+7(985)440-34-60,master.f12@bk.ru
Марченко,ЭВРИКАР (Андрей - Королёв),"141069, М.о., г. Королёв, мкр. Первомайский, ул. Первомайская, д. 4","","",+7(929)565-96-60,zapchasti@ingos.ru
СЗАО,ЭВРИКАР (Волоколамка),"г.Москва, Волоколамское ш.79А","","",89166160299,""
СЗАО,ЭВРИКАР (ЛРС),"ул.Молодогвардейская, д.54, с.6",Степан,"",7-826-762-59-49,""
СЗАО,ЭВРИКАР (ЛРС),"ул.Молодогвардейская, д.54, с.6","","","",supalov@roverland.ru
СЗАО,ЭВРИКАР (ЛРС),"ул.Молодогвардейская, д.54, с.6","","","",zapchasti@ingos.ru
ЗАО,ЭВРИКАР (Лужники),"г. Москва, Новолужнецкий проезд, д.15","","",74956370028,""
ЗАО,ЭВРИКАР (Лужники),"г. Москва, Новолужнецкий проезд, д.15","","",79166160299,beam-service@mail.ru
ЗАО,ЭВРИКАР (Лужники),"г. Москва, Новолужнецкий проезд, д.15","","","",zapchasti@ingos.ru
ЗАО,ЭВРИКАР (Москва-Сити),"г. Москва, Ермакова Роща ул, д.7А, корп.1","","",+7(499)492-99-17,""
Платят,ЭВРИКАР (Сервис Авто - Нежинская),"Москва, ул. Нежинская, д.6 (Новый адрес, звонить за 2 часа для заказа пропуска)",Александр / Иван,"",8(499)550-3275,leninsky.info@mail.ru
Платят,ЭВРИКАР (Сервис Авто - Нежинская),"Москва, ул. Нежинская, д.6 (Новый адрес, звонить за 2 часа для заказа пропуска)","","","",zapchasti@ingos.ru
Марченко,"ЭВРИКАР (Технолайн, Люберцы)","МО, Люберцы, ул. Инициативная, д.2а","","",79166160299,kuzov@linetechno.ru
Марченко,"ЭВРИКАР (Технолайн, Люберцы)","МО, Люберцы, ул. Инициативная, д.2а","","",74957952305,""
Марченко,"ЭВРИКАР (Технолайн, Люберцы)","МО, Люберцы, ул. Инициативная, д.2а","","","",zapchasti@ingos.ru
СВАО,ЭВРИКАР (Федоскинская),"129337, г. Москва, ул. Федоскинская , д. 12, стр. 1","","",+7(977)282-37-38,master.f12@bk.ru
СВАО,ЭВРИКАР (Федоскинская),"129337, г. Москва, ул. Федоскинская , д. 12, стр. 1","","",+7(985)440-34-60,zapchasti@ingos.ru
СЗАО,ЭВРИКАР (Цветочный),"125363, г. Москва, Цветочный проезд  д.8",Виталий,"",+7(499)493-90-6?,info@hanson.su
СЗАО,ЭВРИКАР (Цветочный),"125363, г. Москва, Цветочный проезд  д.8","","","",zapchasti@ingos.ru

САО,Эй Джи Эксперте Рус (все),"Химиков ул, д.2",,,,
СВАО,Эко-Мотор (МО),"г. Пересвет, ул. Комсомольская 10а.","","",496-549-61-50,sptk-pto@mail.ru
СВАО,Эко-Мотор (МО),"г. Пересвет, ул. Комсомольская 10а.","","",496-549-61-51,""

ВАО,Эксис Восток Плюс,"г. Москва, ул.Кусковская, д.20 А",,,,

ЮАО,ЭЛИТ-МОБИЛ,"Домодедовское шоссе, 16А",,,,

ЮЗАО,Эльбрус,Киевское шоссе вл.15в,,,,
СВАО,ЭНВИ Моторс,Тюменский проезд 5,"","","",zam@envymotors.ru
СВАО,ЭНВИ Моторс,Тюменский проезд 5,"","","",ptc-zam@envymotors.ru
СВАО,ЭНВИ Моторс,Тюменский проезд 5,Михаил,"",+7(985)133-2990,""
ВАО,Энтузиаст-Авто,Гаражная 4,,,,kasko@entusiast-auto.ru
ЮАО,ЭРСи-Автотрейд,"Варшавское шоссе 125, стр 18 [ВТ-ПТ]","","",+7(499)702-59-56,alexander.izyumski@rcservice.ru
ЮАО,ЭРСи-Автотрейд,"Варшавское шоссе 125, стр 18 [ВТ-ПТ]",Миша,"",+7(916)688-29-98,""
СВАО,ЭталонСервис,"Студеный проезд, дом 7Б","","","",denis.pukov@irbis-auto.ru
ЮЗАО,ЭталонСервис Юг,"МКАД, 44 км.","","","",mkad44@irbis-auto.ru
ЮЗАО,ЭталонСервис Юг,"МКАД, 44 км.",Алексей,Гаврилов,+7(909)694-0878,aleksei.gavrilov@irbis-auto.ru
САО,ЮМИ АВТО,"Москва, ул.Полярная, д.31Б, стр.1",Максим,"",8(925)740-63-17,""
ЮВАО,ЮмКа,Коммерческий пр-зд д8 корп 2,,,,kuzov@umotors.ru

ЮВАО,ЮНИМОТОРС,"гор. Котельники, Коммерческий пр-зд, дом 8, стр 2",,,,
САО,Ю.С.Импекс Сервис (Ю.С.Импекс-Авто),Дубнинская д83,Сергей,"",+7(499)900-10-10 доб. 2106,napr@usimpex.ru
САО,Ю.С.Импекс Сервис (Ю.С.Импекс-Авто),Дубнинская д83,"","","",sgusarov@usimpex.ru
Платят,ЮСТА,Нижегородская 74,"","","",tcyusta@yandex.ru
ЮАО,Ям Моторс,"с. Ям, ул.Центральная,д.130","","",+7(495)926-22-17,vist-kuzov@yandex.ru
ЮАО,Ям Моторс,"с. Ям, ул.Центральная,д.130","","",8(495)9262525 доб. 113,kuzov@vistauto.ru

САО,Яхрома-Лада,"г. Яхрома, Шлюзовой пер. дом 1",,,,


